region,reef,siteID,author,year,taxon,species,studyID,lat,lon,lat_spec,lon_spec,spawnMode,studyType,geneMarkers
Kimberley Offshore,,,,,,,,,,-13.6,123.2,,,
,Barrow?,,,,,,,,,,,,,
Kimberley Nearshore,,,,,,,,,,,,,,
Kimberley Nearshore,Montgomery,montgomery reef,Evans et al,2019,Cyphastrea spp.,Cyphastrea microphthalma,ev19K,-14.2207,125.3552,-15.9616,124.2701,broadcast,genetic,
Kimberley Nearshore,Camden,Camden Sound,Evans et al,2021,Turbinaria spp.,Turbinaria reniformis,ev21CS,-14.2207,125.3552,-15.962,124.27,broadcast,genetic,mtDNA
Kimberley Nearshore,NorthKimberley,North Kimberley,Evans et al,2021,Turbinaria spp.,Turbinaria reniformis,ev21NK,-14.2207,125.3552,-13.871,126.299,broadcast,genetic,mtDNA
Kimberley Nearshore,,,,,,,,-14.2207,125.3552,,,broadcast,genetic,
Kimberley Nearshore,Adele,Adele Island,Adam et al,2022,Acropora spp.,Acropora digitifera,ad21Ad,-14.2207,125.3552,-15.53,123.2,broadcast,genetic,
Kimberley Nearshore,Beagle,Beagle Reef,Adam et al,2022,Acropora spp.,Acropora digitifera,ad21BR,-14.2207,125.3552,-15.32,123.54,broadcast,genetic,
Kimberley Nearshore,Jackson,Jackson Island,Adam et al,2022,Acropora spp.,Acropora digitifera,ad21JI,-14.2207,125.3552,-15.71,124.47,broadcast,genetic,
Kimberley Nearshore,Haywood,Haywood Island,Adam et al,2022,Acropora spp.,Acropora digitifera,ad21HI,-14.2207,125.3552,-15.06,124.73,broadcast,genetic,
Kimberley Nearshore,Augustus,Augustus Island,Adam et al,2022,Acropora spp.,Acropora digitifera,ad21Au,-14.2207,125.3552,-15.47,124.55,broadcast,genetic,
Kimberley Nearshore,Okenia,Okenia Island,Adam et al,2022,Acropora spp.,Acropora digitifera,ad21OI,-14.2207,125.3552,-14.67,124.68,broadcast,genetic,
Dampier Peninsula ,,,,,,,,,,,,,,
,,,,,,,,,,,,,,
,,,,,,,,,,,,,,
NW nearshore,,,,,,,,,,,,,,
NW nearshore,BallaBalla,Balla Balla,Evans et al,2021,Turbinaria spp.,Turbinaria reniformis,ev21BB,-19.4542,120.4133,-20.638,117.662,broadcast,genetic,mtDNA; SNP
NW nearshore,,,,,,,,,,,,,,
NW offshore,,,,,,,,,,,,,,
,,,,,,,,,,,,,,
,,,,,,,,,,,,,,
Dampier Archipelago,,,,,,,,,,,,,,
Dampier Archipelago,,dampier 1,Evans et al,2019,Cyphastrea spp.,Cyphastrea microphthalma,ev19D1,-20.3456,116.4719,-20.5402,116.5435,broadcast,genetic,
Dampier Archipelago,,dampier 2,Evans et al,2019,Cyphastrea spp.,Cyphastrea microphthalma,ev19D2,-20.3456,116.4719,-20.5367,116.7771,broadcast,genetic,
Dampier Archipelago,,dampier,Evans et al,2021,Acropora spp.,Turbinaria reniformis,ev21D,-20.3456,116.4719,-20.54,116.543,broadcast,genetic,mtDNA; SNP
Dampier Archipelago,,DCZ1,Underwood,2009,Acropora spp.,Acropora tenuis,un09DC1,-20.3456,116.4719,-20.4,116.55,broadcast,genetic,microsatellite
Dampier Archipelago,,DEN1,Underwood,2009,Acropora spp.,Acropora tenuis,un09DE1,-20.3456,116.4719,-20.48,116.65,broadcast,genetic,
Dampier Archipelago,,DEN2,Underwood,2009,Acropora spp.,Acropora tenuis,un09DE2,-20.3456,116.4719,-20.5,116.7,broadcast,genetic,
Dampier Archipelago,,DEN3,Underwood,2009,Acropora spp.,Acropora tenuis,un09DE3,-20.3456,116.4719,-20.52,116.75,broadcast,genetic,
Dampier Archipelago,,DWL1,Underwood,2009,Acropora spp.,Acropora tenuis,un09DW1,-20.3456,116.4719,-20.58,116.55,broadcast,genetic,
Dampier Archipelago,,DWL2,Underwood,2009,Acropora spp.,Acropora tenuis,un09DW2,-20.3456,116.4719,-20.6,116.58,broadcast,genetic,
Dampier Archipelago,,Dampier,Rosser et al,2016,Acropora spp.,Acropora tenuis,ros16D,-20.3456,116.4719,-20.65,116.7,broadcast,genetic,
Dampier Archipelago,,Dampier,Rosser et al,2020,Acropora spp.,Acropora tenuis,ro20Da,-20.3456,116.4719,-20.567,116.567,broadcast,genetic,microsatellite
Dampier Archipelago,,,,,,,,,,,,,,
Dampier Archipelago,,,,,,,,,,,,,,
Pilbara Offshore,,,,,,,,,,,,,,
Pilbara Offshore,Montebello,montebello 1,Evans et al,2019,Cyphastrea spp.,Cyphastrea microphthalma,ev19M1,-19.4711,115.0223,-20.407,115.5838,broadcast,genetic,
Pilbara Offshore,Montebello,montebello 2,Evans et al,2019,Cyphastrea spp.,Cyphastrea microphthalma,ev19M2,-19.4711,115.0223,-20.5058,115.5215,broadcast,genetic,
Pilbara Offshore,Muiron,muiron 1,Evans et al,2019,Cyphastrea spp.,Cyphastrea microphthalma,ev19Mu1,-19.4711,115.0223,-21.6454,114.3823,broadcast,genetic,
Pilbara Offshore,Muiron,muiron 2,Evans et al,2019,Cyphastrea spp.,Cyphastrea microphthalma,ev19Mu2,-19.4711,115.0223,-21.669,114.3508,broadcast,genetic,
Pilbara Offshore,Montebello,montebello,Evans et al,2021,Turbinaria spp.,Turbinaria reniformis,ev21M,-19.4711,115.0223,-20.505,115.522,broadcast,genetic,"mtDNA, SNP"
Pilbara Offshore,Montebello,Montebello,Rosser et al,2016,Acropora spp.,Acropora tenuis,ros16M,-19.4711,115.0223,-20.505,115.522,broadcast,genetic,
Pilbara Offshore,Montebello,Montebello,Rosser et al,2020,Acropora spp.,Acropora tenuis,ro20Mo,-19.4711,115.0223,-20.49,115.467,broadcast,genetic,microsatellite
Pilbara Offshore,Muiron,North Muiron,Duffy et al,2026,Acropora spp.,Acropora tenuis,du26NM,-19.4711,115.0223,-21.64,114.387,broadcast,genetic,
Pilbara Offshore,Muiron,South Muiron,Duffy et al,2026,Acropora spp.,Acropora tenuis,du26SM,-19.4711,115.0223,-21.675,114.35,broadcast,genetic,
Pilbara nearshore,Thevendard,Thevendard 1,Evans et al,2019,Cyphastrea spp.,Cyphastrea microphthalma,ev19T1,-21.4716,115.1406,-21.4514,115.0326,broadcast,genetic,
Pilbara nearshore,Thevendard,Thevendard 2,Evans et al,2019,Cyphastrea spp.,Cyphastrea microphthalma,ev19T2,-21.4716,115.1406,-21.4448,114.9885,broadcast,genetic,
Pilbara nearshore,Passage,Passage Islands,Evans et al,2021,Turbinaria spp.,Turbinaria reniformis,ev21PI,-21.4716,115.1406,-21.103,115.779,broadcast,genetic,"mtDNA, SNP"
Pilbara nearshore,Onslow,Onslow,Evans et al,2021,Turbinaria spp.,Turbinaria reniformis,ev21O,-21.4716,115.1406,-21.452,115.034,broadcast,genetic,"mtDNA, SNP"
Exmouth Gulf,Exmouth,Exmouth Gulf 1,Evans et al,2019,Cyphastrea spp.,Cyphastrea microphthalma,ev19EG1,-22.0623,114.1425,-22.3008,114.1781,broadcast,genetic,
Exmouth Gulf,Exmouth,Exmouth Gulf 2,Evans et al,2019,Cyphastrea spp.,Cyphastrea microphthalma,ev19EG2,-22.0623,114.1425,-22.2947,114.1497,broadcast,genetic,
Exmouth Gulf,Bundegi,Bundegi 1,Evans et al,2019,Cyphastrea spp.,Cyphastrea microphthalma,ev19Bu1,-22.0623,114.1425,-21.8487,114.1695,broadcast,genetic,
Exmouth Gulf,Bundegi,Bundegi 2,Evans et al,2019,Cyphastrea spp.,Cyphastrea microphthalma,ev19Bu2,-22.0623,114.1425,-21.8815,114.1529,broadcast,genetic,
Exmouth Gulf,Exmouth,Exmouth Gulf,Evans et al,2021,Turbinaria spp.,Turbinaria reniformis,ev21EG,-22.0623,114.1425,-22.412,114.19,broadcast,genetic,"mtDNA, SNP"
Exmouth Gulf,NWCape,NW Cape1,Doropoulos et al,2022,Acropora spp.,Acropora spp.,do22NWC1,-22.0623,114.1425,-21.82,114.15,broadcast,genetic,
Exmouth Gulf,NWCape,NWCape2,Doropoulos et al,2022,Acropora spp.,Acropora spp.,do22NWC2,-22.0623,114.1425,-21.82,114.15,broadcast,genetic,
Exmouth Gulf,Bundegi,Bundegi1,Doropoulos et al,2022,Acropora spp.,Acropora spp.,do22Bu1,-22.0623,114.1425,-21.9,114.13,broadcast,genetic,
Exmouth Gulf,Bundegi,Bundegi2,Doropoulos et al,2022,Acropora spp.,Acropora spp.,do22Bu2,-22.0623,114.1425,-21.9,114.13,broadcast,genetic,
Exmouth Gulf,Exmouth,Exmouth1,Doropoulos et al,2022,Acropora spp.,Acropora spp.,do22Ex1,-22.0623,114.1425,-21.93,114.13,broadcast,genetic,
Exmouth Gulf,Exmouth,Exmouth2,Doropoulos et al,2022,Acropora spp.,Acropora spp.,do22Ex2,-22.0623,114.1425,-21.93,114.13,broadcast,genetic,
Exmouth Gulf,Exmouth,Exmouth3,Doropoulos et al,2022,Acropora spp.,Acropora spp.,do22Ex3,-22.0623,114.1425,-21.93,114.13,broadcast,genetic,
Exmouth Gulf,Exmouth,Exmouth4,Doropoulos et al,2022,Acropora spp.,Acropora spp.,do22Ex4,-22.0623,114.1425,-21.93,114.13,broadcast,genetic,
Exmouth Gulf,Learmonth,Learmonth1,Doropoulos et al,2022,Acropora spp.,Acropora spp.,do22Le1,-22.0623,114.1425,-22.23,114.09,broadcast,genetic,
Exmouth Gulf,Learmonth,Learmonth2,Doropoulos et al,2022,Acropora spp.,Acropora spp.,do22Le2,-22.0623,114.1425,-22.23,114.09,broadcast,genetic,
Exmouth Gulf,Learmonth,Learmonth3,Doropoulos et al,2022,Acropora spp.,Acropora spp.,do22Le3,-22.0623,114.1425,-22.23,114.09,broadcast,genetic,
Exmouth Gulf,Bundegi,North Bundegi,Duffy et al,2026,Acropora spp.,Acropora tenuis,du26NB,,,-21.834,114.179,,,
Exmouth Gulf,Bundegi,South Bundegi,Duffy et al,2026,Acropora spp.,Acropora tenuis,du26SB,,,-21.85,114.17,,,
Ningaloo,Ningaloo,Ningaloo 1,Evans et al,2019,Cyphastrea spp.,Cyphastrea microphthalma,ev19N1,-22.4714,113.455,-21.9076,113.968,broadcast,genetic,
Ningaloo,Ningaloo,Ningaloo 2,Evans et al,2019,Cyphastrea spp.,Cyphastrea microphthalma,ev19N2,-22.4714,113.455,-22.0079,113.9197,broadcast,genetic,
Ningaloo,CoralBay,Coral Bay,Evans et al,2019,Cyphastrea spp.,Cyphastrea microphthalma,ev19CB,-22.4714,113.455,-23.1404,113.753,broadcast,genetic,
Ningaloo,Cape,NIN1,Underwood,2009,Acropora spp.,Acropora tenuis,un09N1,-22.4714,113.455,-21.85,113.97,broadcast,genetic,
Ningaloo,TurquoiseBay,NIN3,Underwood,2009,Acropora spp.,Acropora tenuis,un09N3,-22.4714,113.455,-22.1,113.9,broadcast,genetic,
Ningaloo,CapeRange,NIN4,Underwood,2009,Acropora spp.,Acropora tenuis,un09N4,-22.4714,113.455,-22.3,113.85,broadcast,genetic,
Ningaloo,Winderabandi,NIN5,Underwood,2009,Acropora spp.,Acropora tenuis,un09N5,-22.4714,113.455,-22.5,113.8,broadcast,genetic,
Ningaloo,NingalooStation,NIN6,Underwood,2009,Acropora spp.,Acropora tenuis,un09N6,-22.4714,113.455,-22.7,113.78,broadcast,genetic,
Ningaloo,NorthReef,NIN7,Underwood,2009,Acropora spp.,Acropora tenuis,un09N7,-22.4714,113.455,-23,113.75,broadcast,genetic,
Ningaloo,CoralBay,NIN8,Underwood,2009,Acropora spp.,Acropora tenuis,un09N8,-22.4714,113.455,-23.2,113.73,broadcast,genetic,
Ningaloo,CapeRange,Ningaloo,Rosser et al,2016,Acropora spp.,Acropora tenuis,ros16N,-22.4714,113.455,-22.3,113.8,broadcast,genetic,
Ningaloo,NingalooStation,Ningaloo station,Adam et al,2022,Acropora spp.,Acropora digitifera,ad21NS,-22.4714,113.455,-23.44,113.78,broadcast,genetic,
Ningaloo,Gnaraloo,Gnaraloo,Adam et al,2022,Acropora spp.,Acropora digitifera,ad21GN,-22.4714,113.455,-23.82,113.52,broadcast,genetic,
Ningaloo,Quobba,Quobba,Adam et al,2022,Acropora spp.,Acropora digitifera,ad21Qu,-22.4714,113.455,-24.49,113.41,broadcast,genetic,
Ningaloo,CoralBay,Coral Bay 1,Doropoulos et al,2022,Acropora spp.,Acropora spp.,do22CB1,-22.4714,113.455,-23.1404,113.753,broadcast,genetic,
Ningaloo,CoralBay,Coral Bay 2,Doropoulos et al,2022,Acropora spp.,Acropora spp.,do22CB2,-22.4714,113.455,-23.1404,113.753,broadcast,genetic,
Ningaloo,Ningaloo,Ningaloo,Rosser et al,2020,Acropora spp.,Acropora tenuis,ro20Ni,-22.4714,113.455,-23.172,113.755,broadcast,genetic,microsatellite
Ningaloo,Tantabiddi,Tantabiddi,Whitaker,2006,Pocillopora spp.,Pocillopora damicornis,,-22.4714,113.455,,,broadcast,,
Ningaloo,Pilgramunna,Pilgramunna,Whitaker,2006,Pocillopora spp.,Pocillopora damicornis,,-22.4714,113.455,,,broadcast,,
Ningaloo,Winderabandi,Winderabandi,Whitaker,2006,Pocillopora spp.,Pocillopora damicornis,,-22.4714,113.455,,,broadcast,,
Ningaloo,CloatesA,CloatesA,Whitaker,2006,Pocillopora spp.,Pocillopora damicornis,wh06Ni,-22.4714,113.455,-23.82,113.52,broadcast,,
Ningaloo,CloatesB,CloatesB,Whitaker,2006,Pocillopora spp.,Pocillopora damicornis,,-22.4714,113.455,,,broadcast,,
Ningaloo,FalsePassage,FalsePassage,Whitaker,2006,Pocillopora spp.,Pocillopora damicornis,,-22.4714,113.455,,,broadcast,,
Ningaloo,CoralBay,CoralBay,Whitaker,2006,Pocillopora spp.,Pocillopora damicornis,,-22.4714,113.455,,,broadcast,,
Ningaloo,Tantabiddi,Tantabiddi,Duffy et al,2026,Acropora spp.,Acropora tenuis,du26ta,-22.4714,113.455,-21.916,113.957,,,
Ningaloo,Mangrove,Mangrove,Duffy et al,2026,Acropora spp.,Acropora tenuis,du26ma,-22.4714,113.455,-21.944,113.939,,,
Ningaloo,Lakeside,Lakeside,Duffy et al,2026,Acropora spp.,Acropora tenuis,du26la,-22.4714,113.455,-22.035,113.901,,,
Ningaloo,Pilgonaman,Pilgonaman,Duffy et al,2026,Acropora spp.,Acropora tenuis,du26pi,-22.4714,113.455,-22.174,113.855,,,
Ningaloo,Yardi Creek,Yardi Creek,Duffy et al,2026,Acropora spp.,Acropora tenuis,du26YC,-22.4714,113.455,-22.292,113.808,,,
Ningaloo,South Yardi,South Yardi,Duffy et al,2026,Acropora spp.,Acropora tenuis,du26SY,-22.4714,113.455,-22.362,113.763,,,
Ningaloo,Point Cloates,Point Cloates,Duffy et al,2026,Acropora spp.,Acropora tenuis,du26PC,-22.4714,113.455,-22.696,113.65,,,
Ningaloo,North Reef,North Reef,Duffy et al,2026,Acropora spp.,Acropora tenuis,du26NR,-22.4714,113.455,-23.023,113.781,,,
Ningaloo,South Coral Bay,South Coral Bay,Duffy et al,2026,Acropora spp.,Acropora tenuis,du26SCB,-22.4714,113.455,-23.217,113.765,,,
Ningaloo,Gnaraloo,Gnaraloo,Duffy et al,2026,Acropora spp.,Acropora tenuis,du26gn,-22.4714,113.455,-23.765,113.546,,,
Shark Bay,SharkBay,Shark Bay 1,Evans et al,2019,Cyphastrea spp.,Cyphastrea microphthalma,ev19SB1,-25.3,113.06,-26.1244,113.2357,broadcast,genetic,
Shark Bay,SharkBay,Shark Bay 2,Evans et al,2019,Cyphastrea spp.,Cyphastrea microphthalma,ev19SB2,-25.3,113.06,-25.8513,113.3481,broadcast,genetic,
Shark Bay,SharkBay,Shark Bay,Evans et al,2021,Turbinaria spp.,Turbinaria reniformis,ev21SB,-25.3,113.06,-25.983,113.19,broadcast,genetic,"mtDNA, SNP"
Central Coast,Jurien Bay,Jurien Bay,Stoddart et al,1984,Pocillopora spp.,Pocillopora damicornis,,,,-30.03,114.53,,,
Southwest coast,Perth,Perth,Evans et al,2021,Turbinaria spp.,Turbinaria reniformis,ev21P,-29.4536,114.5037,-31.693,115,broadcast,genetic,"mtDNA, SNP"
Abrolhos,Pelsaert,P1,Thomas et al ,2015,Acropora spp.,Acropora spicifera,th15P1,-28.3556,113.3955,-28.7,113.8,broadcast,genetic,microsatellite
Abrolhos,Pelsaert,P2,Thomas et al ,2015,Acropora spp.,Acropora spicifera,th15P2,-28.3556,113.3955,-28.7,113.8,broadcast,genetic,
Abrolhos,Pelsaert,P3,Thomas et al ,2015,Acropora spp.,Acropora spicifera,th15P3,-28.3556,113.3955,-28.7,113.8,broadcast,genetic,
Abrolhos,Pelsaert,P4,Thomas et al ,2015,Acropora spp.,Acropora spicifera,th15P4,-28.3556,113.3955,-28.7,113.8,broadcast,genetic,
Abrolhos,Pelsaert,P5,Thomas et al ,2015,Acropora spp.,Acropora spicifera,th15P5,-28.3556,113.3955,-28.7,113.8,broadcast,genetic,
Abrolhos,Easter,E1,Thomas et al ,2015,Acropora spp.,Acropora spicifera,th15E1,-28.3556,113.3955,-28.7,113.8,broadcast,genetic,
Abrolhos,Easter,E2,Thomas et al ,2015,Acropora spp.,Acropora spicifera,th15E2,-28.3556,113.3955,-28.7,113.8,broadcast,genetic,
Abrolhos,Easter,E3,Thomas et al ,2015,Acropora spp.,Acropora spicifera,th15E3,-28.3556,113.3955,-28.7,113.8,broadcast,genetic,
Abrolhos,Easter,E4,Thomas et al ,2015,Acropora spp.,Acropora spicifera,th15E4,-28.3556,113.3955,-28.7,113.8,broadcast,genetic,
Abrolhos,Easter,E5,Thomas et al ,2015,Acropora spp.,Acropora spicifera,th15E5,-28.3556,113.3955,-28.7,113.8,broadcast,genetic,
Abrolhos,Wallabi,W1,Thomas et al ,2015,Acropora spp.,Acropora spicifera,th15W1,-28.3556,113.3955,-28.7,113.8,broadcast,genetic,
Abrolhos,Wallabi,W2,Thomas et al ,2015,Acropora spp.,Acropora spicifera,th15W2,-28.3556,113.3955,-28.7,113.8,broadcast,genetic,
Abrolhos,Wallabi,W3,Thomas et al ,2015,Acropora spp.,Acropora spicifera,th15W3,-28.3556,113.3955,-28.7,113.8,broadcast,genetic,
Abrolhos,Wallabi,W4,Thomas et al ,2015,Acropora spp.,Acropora spicifera,th15W4,-28.3556,113.3955,-28.7,113.8,broadcast,genetic,
Abrolhos,Wallabi,W5,Thomas et al ,2015,Acropora spp.,Acropora spicifera,th15W5,-28.3556,113.3955,-28.7,113.8,broadcast,genetic,
Abrolhos,Wooded,9,Whitaker,2006,Pocillopora spp.,Pocillopora damicornis,wh06Ab,-28.3556,113.3955,-28.7,113.8,brooding,genetic,
Abrolhos,Abrolhos,Abrolhos,Whitaker,2006,Pocillopora spp.,Pocillopora damicornis,wh06hai,,,,,,,
Abrolhos,Pelsaert,10,Whitaker,2006,Pocillopora spp.,Pocillopora damicornis,,-28.3556,113.3955,-28.7,113.8,brooding,genetic,
Rowley Shoals,Rowley,Rowley,Rosser et al,2016,Acropora spp.,Acropora tenuis,ros16Ro,-17.3,119,-17.3,119.35,broadcast,genetic,
Rowley Shoals,ClerkeReef,RS1_1,Underwood,2009,Acropora spp.,Acropora tenuis,un09RS11,-17.3,119,-17.33,118.97,broadcast,genetic,
Rowley Shoals,ClerkeReef,RS1_S,Underwood,2009,Acropora spp.,Acropora tenuis,un09RS1S,-17.3,119,-17.33,118.98,broadcast,genetic,
Rowley Shoals,Mermaid,RS2_2,Underwood,2009,Acropora spp.,Acropora tenuis,un09RS22,-17.3,119,-17.33,119.05,broadcast,genetic,
Rowley Shoals,Mermaid,RS2_S,Underwood,2009,Acropora spp.,Acropora tenuis,un09RS2S,-17.3,119,-17.33,119.07,broadcast,genetic,
Rowley Shoals,Imperieuse,RS3_3,Underwood,2009,Acropora spp.,Acropora tenuis,un09RS33,-17.3,119,-17.3,119.13,broadcast,genetic,
Rowley Shoals,Imperieuse,RS3_S,Underwood,2009,Acropora spp.,Acropora tenuis,un09RS3S,-17.3,119,-17.28,119.15,broadcast,genetic,
Rowley Shoals,Imperieuse,Imperieuse IS1,Thomas et al,2020,Acropora spp.,Acropora digitifera,th20IS1dig,-17.3,119,-17.52,118.95,broadcast,genetic,
Rowley Shoals,ClerkeReef,Clerke CL1,Thomas et al,2020,Acropora spp.,Acropora digitifera,th20CL1dig,-17.3,119,-17.29,119.05,broadcast,genetic,
Rowley Shoals,ClerkeReef,Clerke CL2,Thomas et al,2020,Acropora spp.,Acropora digitifera,th20CL2dig,-17.3,119,-17.3,119.07,broadcast,genetic,
Rowley Shoals,ClerkeReef,Clerke CS1,Thomas et al,2020,Acropora spp.,Acropora digitifera,th20CS1dig,-17.3,119,-17.3,119.09,broadcast,genetic,
Rowley Shoals,ClerkeReef,Clerke CS2,Thomas et al,2020,Acropora spp.,Acropora digitifera,th20CS2dig,-17.3,119,-17.33,119.11,broadcast,genetic,
Rowley Shoals,Mermaid,Mermaid ML1,Thomas et al,2020,Acropora spp.,Acropora digitifera,th20ML1dig,-17.3,119,-17.1,119.36,broadcast,genetic,
Rowley Shoals,Mermaid,Mermaid ML 2,Thomas et al,2020,Acropora spp.,Acropora digitifera,th20ML2dig,-17.3,119,-17.13,119.38,broadcast,genetic,
Rowley Shoals,Mermaid,Mermaid MS1,Thomas et al,2020,Acropora spp.,Acropora digitifera,th20MS1dig,-17.3,119,-17.15,119.4,broadcast,genetic,
Rowley Shoals,Mermaid,Mermaid MS2,Thomas et al,2020,Acropora spp.,Acropora digitifera,th20MS2dig,-17.3,119,-17.18,119.42,broadcast,genetic,
Rowley Shoals,Imperieuse,Imperieuse IS1,Thomas et al,2020,Isopora spp.,Isopora brueggemanni,th20IS1bru,-17.3,119,-17.52,118.95,brooding,genetic,
Rowley Shoals,ClerkeReef,Clerke CL1,Thomas et al,2020,Isopora spp.,Isopora brueggemanni,th20CL1bru,-17.3,119,-17.29,119.05,brooding,genetic,
Rowley Shoals,ClerkeReef,Clerke CL2,Thomas et al,2020,Isopora spp.,Isopora brueggemanni,th20CL2bru,-17.3,119,-17.3,119.07,brooding,genetic,
Rowley Shoals,ClerkeReef,Clerke CS1,Thomas et al,2020,Isopora spp.,Isopora brueggemanni,th20CS1bru,-17.3,119,-17.3,119.09,brooding,genetic,
Rowley Shoals,ClerkeReef,Clerke CS2,Thomas et al,2020,Isopora spp.,Isopora brueggemanni,th20CS2bru,-17.3,119,-17.33,119.11,brooding,genetic,
Rowley Shoals,Mermaid,Mermaid ML1,Thomas et al,2020,Isopora spp.,Isopora brueggemanni,th20ML1bru,-17.3,119,-17.1,119.36,brooding,genetic,
Rowley Shoals,Mermaid,Mermaid ML 2,Thomas et al,2020,Isopora spp.,Isopora brueggemanni,th20ML2bru,-17.3,119,-17.13,119.38,brooding,genetic,
Rowley Shoals,Mermaid,Mermaid MS1,Thomas et al,2020,Isopora spp.,Isopora brueggemanni,th20MS1bru,-17.3,119,-17.15,119.4,brooding,genetic,
Rowley Shoals,Mermaid,Mermaid MS2,Thomas et al,2020,Isopora spp.,Isopora brueggemanni,th20MS2bru,-17.3,119,-17.18,119.42,brooding,genetic,
Rowley Shoals,ClerkeReef,Clerke Reef,Adam et al,2022,Acropora spp.,Acropora digitifera,ad21CL,-17.3,119,-17.35,119.37,broadcast,genetic,
Rowley Shoals,Imperieuse,Imperieuse,Adam et al,2022,Acropora spp.,Acropora digitifera,ad21IS,-17.3,119,-17.55,118.97,broadcast,genetic,
Rowley Shoals,Mermaid,Mermaid,Adam et al,2022,Acropora spp.,Acropora digitifera,ad21ME,-17.3,119,-17.13,119.63,broadcast,genetic,
Rowley Shoals,Rowley,Rowley,Thomas et al.,2022,Acropora spp.,Acropora tenuis,th22rs,-17.3,119,-17.13,119.63,broadcast,genetic,
Rowley Shoals,Rowley,Rowley,Rosser et al,2020,Acropora spp.,Acropora tenuis,ro20Row,-17.3,119,-17.55,118.966,broadcast,genetic,microsatellite
Scott Reef,Scott,Scott,Rosser et al,2016,Acropora spp.,Acropora tenuis,ros16Sc,-14.1,121.8,-14.1,121.8,broadcast,genetic,
Scott Reef,SouthScott,SL1,Underwood,2009,Acropora spp.,Acropora tenuis,un09SL1,-14.1,121.8,-14.05,121.8,broadcast,genetic,
Scott Reef,SouthScott,SL2,Underwood,2009,Acropora spp.,Acropora tenuis,un09SL2,-14.1,121.8,-14.1,121.85,broadcast,genetic,
Scott Reef,NorthScott,SL4,Underwood,2009,Acropora spp.,Acropora tenuis,un09SL4,-14.1,121.8,-14.1,121.9,broadcast,genetic,
Scott Reef,CentralScott,SL5,Underwood,2009,Acropora spp.,Acropora tenuis,un09SL5,-14.1,121.8,-14.12,121.88,broadcast,genetic,
Scott Reef,SouthScott,SS1,Underwood,2009,Acropora spp.,Acropora tenuis,un09SS1,-14.1,121.8,-14,121.77,broadcast,genetic,
Scott Reef,NorthScott,SS2,Underwood,2009,Acropora spp.,Acropora tenuis,un09SS2,-14.1,121.8,-13.95,121.8,broadcast,genetic,
Scott Reef,Seringapatam,SS3,Underwood,2009,Acropora spp.,Acropora tenuis,un09SS3,-14.1,121.8,-13.9,121.83,broadcast,genetic,
Scott Reef,SouthScott,SL1,Underwood,2007,Seriatopora spp.,Seriatopora hystrix,un07SL1,-14.1,121.8,-14.05,121.8,brooding,genetic,
Scott Reef,SouthScott,SL2,Underwood,2007,Seriatopora spp.,Seriatopora hystrix,un07SL2,-14.1,121.8,-14.1,121.85,brooding,genetic,
Scott Reef,NorthScott,SL4,Underwood,2007,Seriatopora spp.,Seriatopora hystrix,un07SL4,-14.1,121.8,-14.1,121.9,brooding,genetic,
Scott Reef,CentralScott,SL5,Underwood,2007,Seriatopora spp.,Seriatopora hystrix,un07SL5,-14.1,121.8,-14.12,121.88,brooding,genetic,
Scott Reef,SouthScott,SS1,Underwood,2007,Seriatopora spp.,Seriatopora hystrix,un07SS1,-14.1,121.8,-14,121.77,brooding,genetic,
Scott Reef,Seringapatam,SS3,Underwood,2007,Seriatopora spp.,Seriatopora hystrix,un07SS3,-14.1,121.8,-13.9,121.83,brooding,genetic,
Scott Reef,Scott,Scott,Thomas et al,2022,Acropora spp.,Acropora tenuis,th22sr,-14.1,121.8,-13.9,121.83,,,
Scott Reef,,SL1-04-AU,Thomas et al,2024,Acropora spp.,Acropora spp.,SL1-04-AU,,,,,,,
Scott Reef,,SL2-04-AU,Thomas et al,2024,Acropora spp.,Acropora spp.,SL2-04-AU,,,,,,,
Scott Reef,,SL4-04-AU,Thomas et al,2024,Acropora spp.,Acropora spp.,SL4-04-AU,,,,,,,
Scott Reef,,SS1-04-AU,Thomas et al,2024,Acropora spp.,Acropora spp.,SS1-04-AU,,,,,,,
Scott Reef,,SS2-04-AU,Thomas et al,2024,Acropora spp.,Acropora spp.,SS2-04-AU,,,,,,,
Scott Reef,,SS3-04-AU,Thomas et al,2024,Acropora spp.,Acropora spp.,SS3-04-AU,,,,,,,
Scott Reef,,SL1-09-AU,Thomas et al,2024,Acropora spp.,Acropora spp.,SL1-09-AU,,,,,,,
Scott Reef,,SS1-09-AU,Thomas et al,2024,Acropora spp.,Acropora spp.,SS1-09-AU,,,,,,,
Scott Reef,,SL1-14-AU,Thomas et al,2024,Acropora spp.,Acropora spp.,SL1-14-AU,,,,,,,
Scott Reef,,SL2-14-AU,Thomas et al,2024,Acropora spp.,Acropora spp.,SL2-14-AU,,,,,,,
Scott Reef,,SL4-14-AU,Thomas et al,2024,Acropora spp.,Acropora spp.,SL4-14-AU,,,,,,,
Scott Reef,,SS1-14-AU,Thomas et al,2024,Acropora spp.,Acropora spp.,SS1-14-AU,,,,,,,
Scott Reef,,SS2-14-AU,Thomas et al,2024,Acropora spp.,Acropora spp.,SS2-14-AU,,,,,,,
Scott Reef,,SS3-14-AU,Thomas et al,2024,Acropora spp.,Acropora spp.,SS3-14-AU,,,,,,,
Scott Reef,,SL1-15-AU,Thomas et al,2024,Acropora spp.,Acropora spp.,SL1-15-AU,,,,,,,
Scott Reef,,SL2-15-AU,Thomas et al,2024,Acropora spp.,Acropora spp.,SL2-15-AU,,,,,,,
Scott Reef,,SS1-15-AU,Thomas et al,2024,Acropora spp.,Acropora spp.,SS1-15-AU,,,,,,,
Scott Reef,,SS2-15-AU,Thomas et al,2024,Acropora spp.,Acropora spp.,SS2-15-AU,,,,,,,
Scott Reef,,SS3-15-AU,Thomas et al,2024,Acropora spp.,Acropora spp.,SS3-15-AU,,,,,,,
Scott Reef,,SL1_2021-AU,Thomas et al,2024,Acropora spp.,Acropora spp.,SL1_2021-AU,,,,,,,
Scott Reef,,SL2-2021-AU,Thomas et al,2024,Acropora spp.,Acropora spp.,SL2-2021-AU,,,,,,,
Scott Reef,,SL4_2021-AU,Thomas et al,2024,Acropora spp.,Acropora spp.,SL4_2021-AU,,,,,,,
Scott Reef,,SS1_2021-AU,Thomas et al,2024,Acropora spp.,Acropora spp.,SS1_2021-AU,,,,,,,
Scott Reef,,SS2_2021-AU,Thomas et al,2024,Acropora spp.,Acropora spp.,SS2_2021-AU,,,,,,,
Scott Reef,,SS3_2021-AU,Thomas et al,2024,Acropora spp.,Acropora spp.,SS3_2021-AU,,,,,,,
Scott Reef,Scott,Scott,Rosser et al,2020,Acropora spp.,Acropora tenuis,ro20Sc,-14.1,121.8,-14.139,122.023,broadcast,genetic,microsatellite
Ashmore,Ashmore,Ashmore,Rosser et al,2016,Acropora spp.,Acropora tenuis,ros16As,-12.2,123,-12.25,123.05,broadcast,genetic,
Ashmore,Ashmore,Ashmore,Adam et al,2022,Acropora spp.,Acropora digitifera,ad21As,-12.2,123,-12.17,123.06,broadcast,genetic,
Ashmore,Ashmore,Ashmore,Rosser et al,2020,Acropora spp.,Acropora tenuis,ro20As,-12.2,123,-12.2378,122.9871,broadcast,genetic,microsatellite
Timor Sea,Indonesia,Spermonde,Rosser et al,2020,Acropora spp.,Acropora tenuis,ro20Sp,-8.2679,124.4009,-5.0474,119.3243,broadcast,genetic,microsatellite
Timor Sea,Indonesia,Wakitobi,Rosser et al,2020,Acropora spp.,Acropora tenuis,ro20Wa,-8.2679,124.4009,-5.2675,123.5178,broadcast,genetic,microsatellite
Timor Sea,Indonesia,Alor,Rosser et al,2020,Acropora spp.,Acropora tenuis,ro20Al,-8.2679,124.4009,-8.2679,124.4009,broadcast,genetic,microsatellite
Timor Sea,Indonesia,Rote,Rosser et al,2020,Acropora spp.,Acropora tenuis,ro20Rot,-8.2679,124.4009,-10.838,122.7308,broadcast,genetic,microsatellite
Scott Reef,,,,,,,,,,,,,,
Scott Reef,SL6-3,SL6-3,van Oppen et al,2011,Seriatopora hystrix,Seriatopora hystrix,vo11sl63,,,,,,,
Scott Reef,SL6-4,SL6-4,van Oppen et al,2011,Seriatopora hystrix,Seriatopora hystrix,vo11sl64,,,,,,,
Scott Reef,SL6-5,SL6-5,van Oppen et al,2011,Seriatopora hystrix,Seriatopora hystrix,vo11sl65,,,,,,,
Scott Reef,SS1-1,SS1-1,van Oppen et al,2011,Seriatopora hystrix,Seriatopora hystrix,vo11ss11,,,,,,,
Scott Reef,SS1-2,SS1-2,van Oppen et al,2011,Seriatopora hystrix,Seriatopora hystrix,vo11ss12,,,,,,,
Scott Reef,SS1-3,SS1-3,van Oppen et al,2011,Seriatopora hystrix,Seriatopora hystrix,vo11ss13,,,,,,,
Scott Reef,SL5-1,SL5-1,van Oppen et al,2011,Seriatopora hystrix,Seriatopora hystrix,vo11sl51,,,,,,,
Scott Reef,SL52,SL52,van Oppen et al,2011,Seriatopora hystrix,Seriatopora hystrix,vo11sl52,,,,,,,
Scott Reef,SL5-3,SL5-3,van Oppen et al,2011,Seriatopora hystrix,Seriatopora hystrix,vo11sl53,,,,,,,
