Site_A,Site_B,Fst,significant,Region_A,Spawn_A,Species_A,Author_A,Year_A,Lat_A,Lon_A,Taxon_A,Study_A,Region_B,Spawn_B,Species_B,Author_B,Year_B,Lat_B,Lon_B,Taxon_B,Study_B,study,same_region,region_pair,marker_category,marker_resolution
ev19D1,ev19D2,0.012,n,Dampier Archipelago,broadcast,Cyphastrea microphthalma,Evans et al,2019,-20.5402,116.5435,Cyphastrea,ev19,Dampier Archipelago,broadcast,Cyphastrea microphthalma,Evans et al,2019,-20.5367,116.7771,Cyphastrea,ev19,ev19,TRUE,Dampier Archipelago <-> Dampier Archipelago,Microsatellite,Medium
ev19M1,ev19M2,0.015,n,Pilbara Offshore,broadcast,Cyphastrea microphthalma,Evans et al,2019,-20.407,115.5838,Cyphastrea,ev19,Pilbara Offshore,broadcast,Cyphastrea microphthalma,Evans et al,2019,-20.5058,115.5215,Cyphastrea,ev19,ev19,TRUE,Pilbara Offshore <-> Pilbara Offshore,Microsatellite,Medium
ev19M1,ev19Mu1,0.025,y,Pilbara Offshore,broadcast,Cyphastrea microphthalma,Evans et al,2019,-20.407,115.5838,Cyphastrea,ev19,Pilbara Offshore,broadcast,Cyphastrea microphthalma,Evans et al,2019,-21.6454,114.3823,Cyphastrea,ev19,ev19,TRUE,Pilbara Offshore <-> Pilbara Offshore,Microsatellite,Medium
ev19M1,ev19Mu2,0.028,y,Pilbara Offshore,broadcast,Cyphastrea microphthalma,Evans et al,2019,-20.407,115.5838,Cyphastrea,ev19,Pilbara Offshore,broadcast,Cyphastrea microphthalma,Evans et al,2019,-21.669,114.3508,Cyphastrea,ev19,ev19,TRUE,Pilbara Offshore <-> Pilbara Offshore,Microsatellite,Medium
ev19M2,ev19Mu1,0.018,n,Pilbara Offshore,broadcast,Cyphastrea microphthalma,Evans et al,2019,-20.5058,115.5215,Cyphastrea,ev19,Pilbara Offshore,broadcast,Cyphastrea microphthalma,Evans et al,2019,-21.6454,114.3823,Cyphastrea,ev19,ev19,TRUE,Pilbara Offshore <-> Pilbara Offshore,Microsatellite,Medium
ev19M2,ev19Mu2,0.015,n,Pilbara Offshore,broadcast,Cyphastrea microphthalma,Evans et al,2019,-20.5058,115.5215,Cyphastrea,ev19,Pilbara Offshore,broadcast,Cyphastrea microphthalma,Evans et al,2019,-21.669,114.3508,Cyphastrea,ev19,ev19,TRUE,Pilbara Offshore <-> Pilbara Offshore,Microsatellite,Medium
ev19T1,ev19T2,0.018,n,Pilbara nearshore,broadcast,Cyphastrea microphthalma,Evans et al,2019,-21.4514,115.0326,Cyphastrea,ev19,Pilbara nearshore,broadcast,Cyphastrea microphthalma,Evans et al,2019,-21.4448,114.9885,Cyphastrea,ev19,ev19,TRUE,Pilbara nearshore <-> Pilbara nearshore,Microsatellite,Medium
ev19EG1,ev19EG2,0.022,n,Exmouth Gulf,broadcast,Cyphastrea microphthalma,Evans et al,2019,-22.3008,114.1781,Cyphastrea,ev19,Exmouth Gulf,broadcast,Cyphastrea microphthalma,Evans et al,2019,-22.2947,114.1497,Cyphastrea,ev19,ev19,TRUE,Exmouth Gulf <-> Exmouth Gulf,Microsatellite,Medium
ev19EG1,ev19Bu1,0.037,y,Exmouth Gulf,broadcast,Cyphastrea microphthalma,Evans et al,2019,-22.3008,114.1781,Cyphastrea,ev19,Exmouth Gulf,broadcast,Cyphastrea microphthalma,Evans et al,2019,-21.8487,114.1695,Cyphastrea,ev19,ev19,TRUE,Exmouth Gulf <-> Exmouth Gulf,Microsatellite,Medium
ev19EG1,ev19Bu2,0.034,y,Exmouth Gulf,broadcast,Cyphastrea microphthalma,Evans et al,2019,-22.3008,114.1781,Cyphastrea,ev19,Exmouth Gulf,broadcast,Cyphastrea microphthalma,Evans et al,2019,-21.8815,114.1529,Cyphastrea,ev19,ev19,TRUE,Exmouth Gulf <-> Exmouth Gulf,Microsatellite,Medium
ev19EG2,ev19Bu1,0.04,y,Exmouth Gulf,broadcast,Cyphastrea microphthalma,Evans et al,2019,-22.2947,114.1497,Cyphastrea,ev19,Exmouth Gulf,broadcast,Cyphastrea microphthalma,Evans et al,2019,-21.8487,114.1695,Cyphastrea,ev19,ev19,TRUE,Exmouth Gulf <-> Exmouth Gulf,Microsatellite,Medium
ev19EG2,ev19Bu2,0.029,y,Exmouth Gulf,broadcast,Cyphastrea microphthalma,Evans et al,2019,-22.2947,114.1497,Cyphastrea,ev19,Exmouth Gulf,broadcast,Cyphastrea microphthalma,Evans et al,2019,-21.8815,114.1529,Cyphastrea,ev19,ev19,TRUE,Exmouth Gulf <-> Exmouth Gulf,Microsatellite,Medium
ev19Bu1,ev19Bu2,0.034,y,Exmouth Gulf,broadcast,Cyphastrea microphthalma,Evans et al,2019,-21.8487,114.1695,Cyphastrea,ev19,Exmouth Gulf,broadcast,Cyphastrea microphthalma,Evans et al,2019,-21.8815,114.1529,Cyphastrea,ev19,ev19,TRUE,Exmouth Gulf <-> Exmouth Gulf,Microsatellite,Medium
ev19Mu1,ev19Mu2,0.016,n,Pilbara Offshore,broadcast,Cyphastrea microphthalma,Evans et al,2019,-21.6454,114.3823,Cyphastrea,ev19,Pilbara Offshore,broadcast,Cyphastrea microphthalma,Evans et al,2019,-21.669,114.3508,Cyphastrea,ev19,ev19,TRUE,Pilbara Offshore <-> Pilbara Offshore,Microsatellite,Medium
ev19N1,ev19N2,0.022,n,Ningaloo,broadcast,Cyphastrea microphthalma,Evans et al,2019,-21.9076,113.968,Cyphastrea,ev19,Ningaloo,broadcast,Cyphastrea microphthalma,Evans et al,2019,-22.0079,113.9197,Cyphastrea,ev19,ev19,TRUE,Ningaloo <-> Ningaloo,Microsatellite,Medium
ev19N1,ev19CB,0.031,y,Ningaloo,broadcast,Cyphastrea microphthalma,Evans et al,2019,-21.9076,113.968,Cyphastrea,ev19,Ningaloo,broadcast,Cyphastrea microphthalma,Evans et al,2019,-23.1404,113.753,Cyphastrea,ev19,ev19,TRUE,Ningaloo <-> Ningaloo,Microsatellite,Medium
ev19N2,ev19CB,0.051,y,Ningaloo,broadcast,Cyphastrea microphthalma,Evans et al,2019,-22.0079,113.9197,Cyphastrea,ev19,Ningaloo,broadcast,Cyphastrea microphthalma,Evans et al,2019,-23.1404,113.753,Cyphastrea,ev19,ev19,TRUE,Ningaloo <-> Ningaloo,Microsatellite,Medium
ev19SB2,ev19SB1,0.087,y,Shark Bay,broadcast,Cyphastrea microphthalma,Evans et al,2019,-25.8513,113.3481,Cyphastrea,ev19,Shark Bay,broadcast,Cyphastrea microphthalma,Evans et al,2019,-26.1244,113.2357,Cyphastrea,ev19,ev19,TRUE,Shark Bay <-> Shark Bay,Microsatellite,Medium
un09SL1,un09SL2,0,n,Scott Reef,broadcast,Acropora tenuis,Underwood,2009,-14.05,121.8,Acropora,un09,Scott Reef,broadcast,Acropora tenuis,Underwood,2009,-14.1,121.85,Acropora,un09,un09,TRUE,Scott Reef <-> Scott Reef,Microsatellite,Medium
un09SL1,un09SL4,0.02,y,Scott Reef,broadcast,Acropora tenuis,Underwood,2009,-14.05,121.8,Acropora,un09,Scott Reef,broadcast,Acropora tenuis,Underwood,2009,-14.1,121.9,Acropora,un09,un09,TRUE,Scott Reef <-> Scott Reef,Microsatellite,Medium
un09SL1,un09SL5,0.02,y,Scott Reef,broadcast,Acropora tenuis,Underwood,2009,-14.05,121.8,Acropora,un09,Scott Reef,broadcast,Acropora tenuis,Underwood,2009,-14.12,121.88,Acropora,un09,un09,TRUE,Scott Reef <-> Scott Reef,Microsatellite,Medium
un09SL1,un09SS1,0.02,y,Scott Reef,broadcast,Acropora tenuis,Underwood,2009,-14.05,121.8,Acropora,un09,Scott Reef,broadcast,Acropora tenuis,Underwood,2009,-14,121.77,Acropora,un09,un09,TRUE,Scott Reef <-> Scott Reef,Microsatellite,Medium
un09SL1,un09SS2,0.04,y,Scott Reef,broadcast,Acropora tenuis,Underwood,2009,-14.05,121.8,Acropora,un09,Scott Reef,broadcast,Acropora tenuis,Underwood,2009,-13.95,121.8,Acropora,un09,un09,TRUE,Scott Reef <-> Scott Reef,Microsatellite,Medium
un09SL1,un09SS3,0.06,y,Scott Reef,broadcast,Acropora tenuis,Underwood,2009,-14.05,121.8,Acropora,un09,Scott Reef,broadcast,Acropora tenuis,Underwood,2009,-13.9,121.83,Acropora,un09,un09,TRUE,Scott Reef <-> Scott Reef,Microsatellite,Medium
un09SL2,un09SL4,0.01,y,Scott Reef,broadcast,Acropora tenuis,Underwood,2009,-14.1,121.85,Acropora,un09,Scott Reef,broadcast,Acropora tenuis,Underwood,2009,-14.1,121.9,Acropora,un09,un09,TRUE,Scott Reef <-> Scott Reef,Microsatellite,Medium
un09SL2,un09SL5,0,y,Scott Reef,broadcast,Acropora tenuis,Underwood,2009,-14.1,121.85,Acropora,un09,Scott Reef,broadcast,Acropora tenuis,Underwood,2009,-14.12,121.88,Acropora,un09,un09,TRUE,Scott Reef <-> Scott Reef,Microsatellite,Medium
un09SL2,un09SS1,0.01,y,Scott Reef,broadcast,Acropora tenuis,Underwood,2009,-14.1,121.85,Acropora,un09,Scott Reef,broadcast,Acropora tenuis,Underwood,2009,-14,121.77,Acropora,un09,un09,TRUE,Scott Reef <-> Scott Reef,Microsatellite,Medium
un09SL2,un09SS2,0.02,y,Scott Reef,broadcast,Acropora tenuis,Underwood,2009,-14.1,121.85,Acropora,un09,Scott Reef,broadcast,Acropora tenuis,Underwood,2009,-13.95,121.8,Acropora,un09,un09,TRUE,Scott Reef <-> Scott Reef,Microsatellite,Medium
un09SL2,un09SS3,0.03,y,Scott Reef,broadcast,Acropora tenuis,Underwood,2009,-14.1,121.85,Acropora,un09,Scott Reef,broadcast,Acropora tenuis,Underwood,2009,-13.9,121.83,Acropora,un09,un09,TRUE,Scott Reef <-> Scott Reef,Microsatellite,Medium
un09SL4,un09SL5,0,y,Scott Reef,broadcast,Acropora tenuis,Underwood,2009,-14.1,121.9,Acropora,un09,Scott Reef,broadcast,Acropora tenuis,Underwood,2009,-14.12,121.88,Acropora,un09,un09,TRUE,Scott Reef <-> Scott Reef,Microsatellite,Medium
un09SL4,un09SS1,0.01,y,Scott Reef,broadcast,Acropora tenuis,Underwood,2009,-14.1,121.9,Acropora,un09,Scott Reef,broadcast,Acropora tenuis,Underwood,2009,-14,121.77,Acropora,un09,un09,TRUE,Scott Reef <-> Scott Reef,Microsatellite,Medium
un09SL4,un09SS2,0.01,y,Scott Reef,broadcast,Acropora tenuis,Underwood,2009,-14.1,121.9,Acropora,un09,Scott Reef,broadcast,Acropora tenuis,Underwood,2009,-13.95,121.8,Acropora,un09,un09,TRUE,Scott Reef <-> Scott Reef,Microsatellite,Medium
un09SL4,un09SS3,0.01,y,Scott Reef,broadcast,Acropora tenuis,Underwood,2009,-14.1,121.9,Acropora,un09,Scott Reef,broadcast,Acropora tenuis,Underwood,2009,-13.9,121.83,Acropora,un09,un09,TRUE,Scott Reef <-> Scott Reef,Microsatellite,Medium
un09SL5,un09SS1,0.01,y,Scott Reef,broadcast,Acropora tenuis,Underwood,2009,-14.12,121.88,Acropora,un09,Scott Reef,broadcast,Acropora tenuis,Underwood,2009,-14,121.77,Acropora,un09,un09,TRUE,Scott Reef <-> Scott Reef,Microsatellite,Medium
un09SL5,un09SS2,0.02,y,Scott Reef,broadcast,Acropora tenuis,Underwood,2009,-14.12,121.88,Acropora,un09,Scott Reef,broadcast,Acropora tenuis,Underwood,2009,-13.95,121.8,Acropora,un09,un09,TRUE,Scott Reef <-> Scott Reef,Microsatellite,Medium
un09SL5,un09SS3,0.02,y,Scott Reef,broadcast,Acropora tenuis,Underwood,2009,-14.12,121.88,Acropora,un09,Scott Reef,broadcast,Acropora tenuis,Underwood,2009,-13.9,121.83,Acropora,un09,un09,TRUE,Scott Reef <-> Scott Reef,Microsatellite,Medium
un09SS1,un09SS2,0.02,y,Scott Reef,broadcast,Acropora tenuis,Underwood,2009,-14,121.77,Acropora,un09,Scott Reef,broadcast,Acropora tenuis,Underwood,2009,-13.95,121.8,Acropora,un09,un09,TRUE,Scott Reef <-> Scott Reef,Microsatellite,Medium
un09SS1,un09SS3,0.01,y,Scott Reef,broadcast,Acropora tenuis,Underwood,2009,-14,121.77,Acropora,un09,Scott Reef,broadcast,Acropora tenuis,Underwood,2009,-13.9,121.83,Acropora,un09,un09,TRUE,Scott Reef <-> Scott Reef,Microsatellite,Medium
un09SS2,un09SS3,0,y,Scott Reef,broadcast,Acropora tenuis,Underwood,2009,-13.95,121.8,Acropora,un09,Scott Reef,broadcast,Acropora tenuis,Underwood,2009,-13.9,121.83,Acropora,un09,un09,TRUE,Scott Reef <-> Scott Reef,Microsatellite,Medium
un09RS11,un09RS1S,0.01,y,Rowley Shoals,broadcast,Acropora tenuis,Underwood,2009,-17.33,118.97,Acropora,un09,Rowley Shoals,broadcast,Acropora tenuis,Underwood,2009,-17.33,118.98,Acropora,un09,un09,TRUE,Rowley Shoals <-> Rowley Shoals,Microsatellite,Medium
un09RS11,un09RS22,0.01,y,Rowley Shoals,broadcast,Acropora tenuis,Underwood,2009,-17.33,118.97,Acropora,un09,Rowley Shoals,broadcast,Acropora tenuis,Underwood,2009,-17.33,119.05,Acropora,un09,un09,TRUE,Rowley Shoals <-> Rowley Shoals,Microsatellite,Medium
un09RS11,un09RS2S,0.01,y,Rowley Shoals,broadcast,Acropora tenuis,Underwood,2009,-17.33,118.97,Acropora,un09,Rowley Shoals,broadcast,Acropora tenuis,Underwood,2009,-17.33,119.07,Acropora,un09,un09,TRUE,Rowley Shoals <-> Rowley Shoals,Microsatellite,Medium
un09RS11,un09RS33,0.03,y,Rowley Shoals,broadcast,Acropora tenuis,Underwood,2009,-17.33,118.97,Acropora,un09,Rowley Shoals,broadcast,Acropora tenuis,Underwood,2009,-17.3,119.13,Acropora,un09,un09,TRUE,Rowley Shoals <-> Rowley Shoals,Microsatellite,Medium
un09RS11,un09RS3S,0.06,y,Rowley Shoals,broadcast,Acropora tenuis,Underwood,2009,-17.33,118.97,Acropora,un09,Rowley Shoals,broadcast,Acropora tenuis,Underwood,2009,-17.28,119.15,Acropora,un09,un09,TRUE,Rowley Shoals <-> Rowley Shoals,Microsatellite,Medium
un09RS1S,un09RS22,0.02,y,Rowley Shoals,broadcast,Acropora tenuis,Underwood,2009,-17.33,118.98,Acropora,un09,Rowley Shoals,broadcast,Acropora tenuis,Underwood,2009,-17.33,119.05,Acropora,un09,un09,TRUE,Rowley Shoals <-> Rowley Shoals,Microsatellite,Medium
un09RS1S,un09RS2S,0.03,y,Rowley Shoals,broadcast,Acropora tenuis,Underwood,2009,-17.33,118.98,Acropora,un09,Rowley Shoals,broadcast,Acropora tenuis,Underwood,2009,-17.33,119.07,Acropora,un09,un09,TRUE,Rowley Shoals <-> Rowley Shoals,Microsatellite,Medium
un09RS1S,un09RS33,0.06,y,Rowley Shoals,broadcast,Acropora tenuis,Underwood,2009,-17.33,118.98,Acropora,un09,Rowley Shoals,broadcast,Acropora tenuis,Underwood,2009,-17.3,119.13,Acropora,un09,un09,TRUE,Rowley Shoals <-> Rowley Shoals,Microsatellite,Medium
un09RS1S,un09RS3S,0.09,y,Rowley Shoals,broadcast,Acropora tenuis,Underwood,2009,-17.33,118.98,Acropora,un09,Rowley Shoals,broadcast,Acropora tenuis,Underwood,2009,-17.28,119.15,Acropora,un09,un09,TRUE,Rowley Shoals <-> Rowley Shoals,Microsatellite,Medium
un09RS22,un09RS2S,0.01,y,Rowley Shoals,broadcast,Acropora tenuis,Underwood,2009,-17.33,119.05,Acropora,un09,Rowley Shoals,broadcast,Acropora tenuis,Underwood,2009,-17.33,119.07,Acropora,un09,un09,TRUE,Rowley Shoals <-> Rowley Shoals,Microsatellite,Medium
un09RS22,un09RS33,0.02,y,Rowley Shoals,broadcast,Acropora tenuis,Underwood,2009,-17.33,119.05,Acropora,un09,Rowley Shoals,broadcast,Acropora tenuis,Underwood,2009,-17.3,119.13,Acropora,un09,un09,TRUE,Rowley Shoals <-> Rowley Shoals,Microsatellite,Medium
un09RS22,un09RS3S,0.04,y,Rowley Shoals,broadcast,Acropora tenuis,Underwood,2009,-17.33,119.05,Acropora,un09,Rowley Shoals,broadcast,Acropora tenuis,Underwood,2009,-17.28,119.15,Acropora,un09,un09,TRUE,Rowley Shoals <-> Rowley Shoals,Microsatellite,Medium
un09RS2S,un09RS33,0,y,Rowley Shoals,broadcast,Acropora tenuis,Underwood,2009,-17.33,119.07,Acropora,un09,Rowley Shoals,broadcast,Acropora tenuis,Underwood,2009,-17.3,119.13,Acropora,un09,un09,TRUE,Rowley Shoals <-> Rowley Shoals,Microsatellite,Medium
un09RS2S,un09RS3S,0.01,y,Rowley Shoals,broadcast,Acropora tenuis,Underwood,2009,-17.33,119.07,Acropora,un09,Rowley Shoals,broadcast,Acropora tenuis,Underwood,2009,-17.28,119.15,Acropora,un09,un09,TRUE,Rowley Shoals <-> Rowley Shoals,Microsatellite,Medium
un09RS33,un09RS3S,0,y,Rowley Shoals,broadcast,Acropora tenuis,Underwood,2009,-17.3,119.13,Acropora,un09,Rowley Shoals,broadcast,Acropora tenuis,Underwood,2009,-17.28,119.15,Acropora,un09,un09,TRUE,Rowley Shoals <-> Rowley Shoals,Microsatellite,Medium
un09DC1,un09DE1,0.02,y,Dampier Archipelago,broadcast,Acropora tenuis,Underwood,2009,-20.4,116.55,Acropora,un09,Dampier Archipelago,broadcast,Acropora tenuis,Underwood,2009,-20.48,116.65,Acropora,un09,un09,TRUE,Dampier Archipelago <-> Dampier Archipelago,Microsatellite,Medium
un09DC1,un09DE2,0,y,Dampier Archipelago,broadcast,Acropora tenuis,Underwood,2009,-20.4,116.55,Acropora,un09,Dampier Archipelago,broadcast,Acropora tenuis,Underwood,2009,-20.5,116.7,Acropora,un09,un09,TRUE,Dampier Archipelago <-> Dampier Archipelago,Microsatellite,Medium
un09DC1,un09DE3,0.01,y,Dampier Archipelago,broadcast,Acropora tenuis,Underwood,2009,-20.4,116.55,Acropora,un09,Dampier Archipelago,broadcast,Acropora tenuis,Underwood,2009,-20.52,116.75,Acropora,un09,un09,TRUE,Dampier Archipelago <-> Dampier Archipelago,Microsatellite,Medium
un09DC1,un09DW1,0.01,y,Dampier Archipelago,broadcast,Acropora tenuis,Underwood,2009,-20.4,116.55,Acropora,un09,Dampier Archipelago,broadcast,Acropora tenuis,Underwood,2009,-20.58,116.55,Acropora,un09,un09,TRUE,Dampier Archipelago <-> Dampier Archipelago,Microsatellite,Medium
un09DC1,un09DW2,0.03,y,Dampier Archipelago,broadcast,Acropora tenuis,Underwood,2009,-20.4,116.55,Acropora,un09,Dampier Archipelago,broadcast,Acropora tenuis,Underwood,2009,-20.6,116.58,Acropora,un09,un09,TRUE,Dampier Archipelago <-> Dampier Archipelago,Microsatellite,Medium
un09DE1,un09DE2,0,n,Dampier Archipelago,broadcast,Acropora tenuis,Underwood,2009,-20.48,116.65,Acropora,un09,Dampier Archipelago,broadcast,Acropora tenuis,Underwood,2009,-20.5,116.7,Acropora,un09,un09,TRUE,Dampier Archipelago <-> Dampier Archipelago,Microsatellite,Medium
un09DE1,un09DE3,0,n,Dampier Archipelago,broadcast,Acropora tenuis,Underwood,2009,-20.48,116.65,Acropora,un09,Dampier Archipelago,broadcast,Acropora tenuis,Underwood,2009,-20.52,116.75,Acropora,un09,un09,TRUE,Dampier Archipelago <-> Dampier Archipelago,Microsatellite,Medium
un09DE1,un09DW1,0,n,Dampier Archipelago,broadcast,Acropora tenuis,Underwood,2009,-20.48,116.65,Acropora,un09,Dampier Archipelago,broadcast,Acropora tenuis,Underwood,2009,-20.58,116.55,Acropora,un09,un09,TRUE,Dampier Archipelago <-> Dampier Archipelago,Microsatellite,Medium
un09DE1,un09DW2,0,n,Dampier Archipelago,broadcast,Acropora tenuis,Underwood,2009,-20.48,116.65,Acropora,un09,Dampier Archipelago,broadcast,Acropora tenuis,Underwood,2009,-20.6,116.58,Acropora,un09,un09,TRUE,Dampier Archipelago <-> Dampier Archipelago,Microsatellite,Medium
un09DE2,un09DE3,0,n,Dampier Archipelago,broadcast,Acropora tenuis,Underwood,2009,-20.5,116.7,Acropora,un09,Dampier Archipelago,broadcast,Acropora tenuis,Underwood,2009,-20.52,116.75,Acropora,un09,un09,TRUE,Dampier Archipelago <-> Dampier Archipelago,Microsatellite,Medium
un09DE2,un09DW1,0,n,Dampier Archipelago,broadcast,Acropora tenuis,Underwood,2009,-20.5,116.7,Acropora,un09,Dampier Archipelago,broadcast,Acropora tenuis,Underwood,2009,-20.58,116.55,Acropora,un09,un09,TRUE,Dampier Archipelago <-> Dampier Archipelago,Microsatellite,Medium
un09DE2,un09DW2,0,n,Dampier Archipelago,broadcast,Acropora tenuis,Underwood,2009,-20.5,116.7,Acropora,un09,Dampier Archipelago,broadcast,Acropora tenuis,Underwood,2009,-20.6,116.58,Acropora,un09,un09,TRUE,Dampier Archipelago <-> Dampier Archipelago,Microsatellite,Medium
un09DE3,un09DW1,0,n,Dampier Archipelago,broadcast,Acropora tenuis,Underwood,2009,-20.52,116.75,Acropora,un09,Dampier Archipelago,broadcast,Acropora tenuis,Underwood,2009,-20.58,116.55,Acropora,un09,un09,TRUE,Dampier Archipelago <-> Dampier Archipelago,Microsatellite,Medium
un09DE3,un09DW2,0,n,Dampier Archipelago,broadcast,Acropora tenuis,Underwood,2009,-20.52,116.75,Acropora,un09,Dampier Archipelago,broadcast,Acropora tenuis,Underwood,2009,-20.6,116.58,Acropora,un09,un09,TRUE,Dampier Archipelago <-> Dampier Archipelago,Microsatellite,Medium
un09DW1,un09DW2,0,n,Dampier Archipelago,broadcast,Acropora tenuis,Underwood,2009,-20.58,116.55,Acropora,un09,Dampier Archipelago,broadcast,Acropora tenuis,Underwood,2009,-20.6,116.58,Acropora,un09,un09,TRUE,Dampier Archipelago <-> Dampier Archipelago,Microsatellite,Medium
un09N1,un09N3,0,n,Ningaloo,broadcast,Acropora tenuis,Underwood,2009,-21.85,113.97,Acropora,un09,Ningaloo,broadcast,Acropora tenuis,Underwood,2009,-22.1,113.9,Acropora,un09,un09,TRUE,Ningaloo <-> Ningaloo,Microsatellite,Medium
un09N1,un09N4,0,n,Ningaloo,broadcast,Acropora tenuis,Underwood,2009,-21.85,113.97,Acropora,un09,Ningaloo,broadcast,Acropora tenuis,Underwood,2009,-22.3,113.85,Acropora,un09,un09,TRUE,Ningaloo <-> Ningaloo,Microsatellite,Medium
un09N1,un09N5,0.02,n,Ningaloo,broadcast,Acropora tenuis,Underwood,2009,-21.85,113.97,Acropora,un09,Ningaloo,broadcast,Acropora tenuis,Underwood,2009,-22.5,113.8,Acropora,un09,un09,TRUE,Ningaloo <-> Ningaloo,Microsatellite,Medium
un09N1,un09N6,0.02,n,Ningaloo,broadcast,Acropora tenuis,Underwood,2009,-21.85,113.97,Acropora,un09,Ningaloo,broadcast,Acropora tenuis,Underwood,2009,-22.7,113.78,Acropora,un09,un09,TRUE,Ningaloo <-> Ningaloo,Microsatellite,Medium
un09N1,un09N7,0.01,n,Ningaloo,broadcast,Acropora tenuis,Underwood,2009,-21.85,113.97,Acropora,un09,Ningaloo,broadcast,Acropora tenuis,Underwood,2009,-23,113.75,Acropora,un09,un09,TRUE,Ningaloo <-> Ningaloo,Microsatellite,Medium
un09N1,un09N8,0.02,n,Ningaloo,broadcast,Acropora tenuis,Underwood,2009,-21.85,113.97,Acropora,un09,Ningaloo,broadcast,Acropora tenuis,Underwood,2009,-23.2,113.73,Acropora,un09,un09,TRUE,Ningaloo <-> Ningaloo,Microsatellite,Medium
un09N3,un09N4,0,n,Ningaloo,broadcast,Acropora tenuis,Underwood,2009,-22.1,113.9,Acropora,un09,Ningaloo,broadcast,Acropora tenuis,Underwood,2009,-22.3,113.85,Acropora,un09,un09,TRUE,Ningaloo <-> Ningaloo,Microsatellite,Medium
un09N3,un09N5,0.03,y,Ningaloo,broadcast,Acropora tenuis,Underwood,2009,-22.1,113.9,Acropora,un09,Ningaloo,broadcast,Acropora tenuis,Underwood,2009,-22.5,113.8,Acropora,un09,un09,TRUE,Ningaloo <-> Ningaloo,Microsatellite,Medium
un09N3,un09N6,0.03,y,Ningaloo,broadcast,Acropora tenuis,Underwood,2009,-22.1,113.9,Acropora,un09,Ningaloo,broadcast,Acropora tenuis,Underwood,2009,-22.7,113.78,Acropora,un09,un09,TRUE,Ningaloo <-> Ningaloo,Microsatellite,Medium
un09N3,un09N7,0.03,y,Ningaloo,broadcast,Acropora tenuis,Underwood,2009,-22.1,113.9,Acropora,un09,Ningaloo,broadcast,Acropora tenuis,Underwood,2009,-23,113.75,Acropora,un09,un09,TRUE,Ningaloo <-> Ningaloo,Microsatellite,Medium
un09N3,un09N8,0.02,y,Ningaloo,broadcast,Acropora tenuis,Underwood,2009,-22.1,113.9,Acropora,un09,Ningaloo,broadcast,Acropora tenuis,Underwood,2009,-23.2,113.73,Acropora,un09,un09,TRUE,Ningaloo <-> Ningaloo,Microsatellite,Medium
un09N4,un09N5,0.03,y,Ningaloo,broadcast,Acropora tenuis,Underwood,2009,-22.3,113.85,Acropora,un09,Ningaloo,broadcast,Acropora tenuis,Underwood,2009,-22.5,113.8,Acropora,un09,un09,TRUE,Ningaloo <-> Ningaloo,Microsatellite,Medium
un09N4,un09N6,0.01,y,Ningaloo,broadcast,Acropora tenuis,Underwood,2009,-22.3,113.85,Acropora,un09,Ningaloo,broadcast,Acropora tenuis,Underwood,2009,-22.7,113.78,Acropora,un09,un09,TRUE,Ningaloo <-> Ningaloo,Microsatellite,Medium
un09N4,un09N7,0.01,y,Ningaloo,broadcast,Acropora tenuis,Underwood,2009,-22.3,113.85,Acropora,un09,Ningaloo,broadcast,Acropora tenuis,Underwood,2009,-23,113.75,Acropora,un09,un09,TRUE,Ningaloo <-> Ningaloo,Microsatellite,Medium
un09N4,un09N8,0.03,y,Ningaloo,broadcast,Acropora tenuis,Underwood,2009,-22.3,113.85,Acropora,un09,Ningaloo,broadcast,Acropora tenuis,Underwood,2009,-23.2,113.73,Acropora,un09,un09,TRUE,Ningaloo <-> Ningaloo,Microsatellite,Medium
un09N5,un09N6,0.01,y,Ningaloo,broadcast,Acropora tenuis,Underwood,2009,-22.5,113.8,Acropora,un09,Ningaloo,broadcast,Acropora tenuis,Underwood,2009,-22.7,113.78,Acropora,un09,un09,TRUE,Ningaloo <-> Ningaloo,Microsatellite,Medium
un09N5,un09N7,0.03,y,Ningaloo,broadcast,Acropora tenuis,Underwood,2009,-22.5,113.8,Acropora,un09,Ningaloo,broadcast,Acropora tenuis,Underwood,2009,-23,113.75,Acropora,un09,un09,TRUE,Ningaloo <-> Ningaloo,Microsatellite,Medium
un09N5,un09N8,0,n,Ningaloo,broadcast,Acropora tenuis,Underwood,2009,-22.5,113.8,Acropora,un09,Ningaloo,broadcast,Acropora tenuis,Underwood,2009,-23.2,113.73,Acropora,un09,un09,TRUE,Ningaloo <-> Ningaloo,Microsatellite,Medium
un09N6,un09N7,0,n,Ningaloo,broadcast,Acropora tenuis,Underwood,2009,-22.7,113.78,Acropora,un09,Ningaloo,broadcast,Acropora tenuis,Underwood,2009,-23,113.75,Acropora,un09,un09,TRUE,Ningaloo <-> Ningaloo,Microsatellite,Medium
un09N6,un09N8,0.01,n,Ningaloo,broadcast,Acropora tenuis,Underwood,2009,-22.7,113.78,Acropora,un09,Ningaloo,broadcast,Acropora tenuis,Underwood,2009,-23.2,113.73,Acropora,un09,un09,TRUE,Ningaloo <-> Ningaloo,Microsatellite,Medium
un09N7,un09N8,0.02,n,Ningaloo,broadcast,Acropora tenuis,Underwood,2009,-23,113.75,Acropora,un09,Ningaloo,broadcast,Acropora tenuis,Underwood,2009,-23.2,113.73,Acropora,un09,un09,TRUE,Ningaloo <-> Ningaloo,Microsatellite,Medium
th20MS1dig,th20MS2dig,0.015,y,Rowley Shoals,broadcast,Acropora digitifera,Thomas et al,2020,-17.15,119.4,Acropora,th20,Rowley Shoals,broadcast,Acropora digitifera,Thomas et al,2020,-17.18,119.42,Acropora,th20,th20,TRUE,Rowley Shoals <-> Rowley Shoals,SNP,High
th20MS1dig,th20ML1dig,0.018,y,Rowley Shoals,broadcast,Acropora digitifera,Thomas et al,2020,-17.15,119.4,Acropora,th20,Rowley Shoals,broadcast,Acropora digitifera,Thomas et al,2020,-17.1,119.36,Acropora,th20,th20,TRUE,Rowley Shoals <-> Rowley Shoals,SNP,High
th20MS1dig,th20ML2dig,0.015,y,Rowley Shoals,broadcast,Acropora digitifera,Thomas et al,2020,-17.15,119.4,Acropora,th20,Rowley Shoals,broadcast,Acropora digitifera,Thomas et al,2020,-17.13,119.38,Acropora,th20,th20,TRUE,Rowley Shoals <-> Rowley Shoals,SNP,High
th20MS1dig,th20CS1dig,0.018,y,Rowley Shoals,broadcast,Acropora digitifera,Thomas et al,2020,-17.15,119.4,Acropora,th20,Rowley Shoals,broadcast,Acropora digitifera,Thomas et al,2020,-17.3,119.09,Acropora,th20,th20,TRUE,Rowley Shoals <-> Rowley Shoals,SNP,High
th20MS1dig,th20CS2dig,0.014,y,Rowley Shoals,broadcast,Acropora digitifera,Thomas et al,2020,-17.15,119.4,Acropora,th20,Rowley Shoals,broadcast,Acropora digitifera,Thomas et al,2020,-17.33,119.11,Acropora,th20,th20,TRUE,Rowley Shoals <-> Rowley Shoals,SNP,High
th20MS1dig,th20CL1dig,0.015,y,Rowley Shoals,broadcast,Acropora digitifera,Thomas et al,2020,-17.15,119.4,Acropora,th20,Rowley Shoals,broadcast,Acropora digitifera,Thomas et al,2020,-17.29,119.05,Acropora,th20,th20,TRUE,Rowley Shoals <-> Rowley Shoals,SNP,High
th20MS1dig,th20CL2dig,0.015,y,Rowley Shoals,broadcast,Acropora digitifera,Thomas et al,2020,-17.15,119.4,Acropora,th20,Rowley Shoals,broadcast,Acropora digitifera,Thomas et al,2020,-17.3,119.07,Acropora,th20,th20,TRUE,Rowley Shoals <-> Rowley Shoals,SNP,High
th20MS1dig,th20IS1dig,0.015,y,Rowley Shoals,broadcast,Acropora digitifera,Thomas et al,2020,-17.15,119.4,Acropora,th20,Rowley Shoals,broadcast,Acropora digitifera,Thomas et al,2020,-17.52,118.95,Acropora,th20,th20,TRUE,Rowley Shoals <-> Rowley Shoals,SNP,High
th20MS2dig,th20ML1dig,0.015,y,Rowley Shoals,broadcast,Acropora digitifera,Thomas et al,2020,-17.18,119.42,Acropora,th20,Rowley Shoals,broadcast,Acropora digitifera,Thomas et al,2020,-17.1,119.36,Acropora,th20,th20,TRUE,Rowley Shoals <-> Rowley Shoals,SNP,High
th20MS2dig,th20ML2dig,0.012,y,Rowley Shoals,broadcast,Acropora digitifera,Thomas et al,2020,-17.18,119.42,Acropora,th20,Rowley Shoals,broadcast,Acropora digitifera,Thomas et al,2020,-17.13,119.38,Acropora,th20,th20,TRUE,Rowley Shoals <-> Rowley Shoals,SNP,High
th20MS2dig,th20CS1dig,0.015,y,Rowley Shoals,broadcast,Acropora digitifera,Thomas et al,2020,-17.18,119.42,Acropora,th20,Rowley Shoals,broadcast,Acropora digitifera,Thomas et al,2020,-17.3,119.09,Acropora,th20,th20,TRUE,Rowley Shoals <-> Rowley Shoals,SNP,High
th20MS2dig,th20CS2dig,0.012,y,Rowley Shoals,broadcast,Acropora digitifera,Thomas et al,2020,-17.18,119.42,Acropora,th20,Rowley Shoals,broadcast,Acropora digitifera,Thomas et al,2020,-17.33,119.11,Acropora,th20,th20,TRUE,Rowley Shoals <-> Rowley Shoals,SNP,High
th20MS2dig,th20CL1dig,0.012,y,Rowley Shoals,broadcast,Acropora digitifera,Thomas et al,2020,-17.18,119.42,Acropora,th20,Rowley Shoals,broadcast,Acropora digitifera,Thomas et al,2020,-17.29,119.05,Acropora,th20,th20,TRUE,Rowley Shoals <-> Rowley Shoals,SNP,High
th20MS2dig,th20CL2dig,0.012,y,Rowley Shoals,broadcast,Acropora digitifera,Thomas et al,2020,-17.18,119.42,Acropora,th20,Rowley Shoals,broadcast,Acropora digitifera,Thomas et al,2020,-17.3,119.07,Acropora,th20,th20,TRUE,Rowley Shoals <-> Rowley Shoals,SNP,High
th20MS2dig,th20IS1dig,0.012,y,Rowley Shoals,broadcast,Acropora digitifera,Thomas et al,2020,-17.18,119.42,Acropora,th20,Rowley Shoals,broadcast,Acropora digitifera,Thomas et al,2020,-17.52,118.95,Acropora,th20,th20,TRUE,Rowley Shoals <-> Rowley Shoals,SNP,High
th20ML1dig,th20ML2dig,0.015,y,Rowley Shoals,broadcast,Acropora digitifera,Thomas et al,2020,-17.1,119.36,Acropora,th20,Rowley Shoals,broadcast,Acropora digitifera,Thomas et al,2020,-17.13,119.38,Acropora,th20,th20,TRUE,Rowley Shoals <-> Rowley Shoals,SNP,High
th20ML1dig,th20CS1dig,0.018,y,Rowley Shoals,broadcast,Acropora digitifera,Thomas et al,2020,-17.1,119.36,Acropora,th20,Rowley Shoals,broadcast,Acropora digitifera,Thomas et al,2020,-17.3,119.09,Acropora,th20,th20,TRUE,Rowley Shoals <-> Rowley Shoals,SNP,High
th20ML1dig,th20CS2dig,0.014,y,Rowley Shoals,broadcast,Acropora digitifera,Thomas et al,2020,-17.1,119.36,Acropora,th20,Rowley Shoals,broadcast,Acropora digitifera,Thomas et al,2020,-17.33,119.11,Acropora,th20,th20,TRUE,Rowley Shoals <-> Rowley Shoals,SNP,High
th20ML1dig,th20CL1dig,0.015,y,Rowley Shoals,broadcast,Acropora digitifera,Thomas et al,2020,-17.1,119.36,Acropora,th20,Rowley Shoals,broadcast,Acropora digitifera,Thomas et al,2020,-17.29,119.05,Acropora,th20,th20,TRUE,Rowley Shoals <-> Rowley Shoals,SNP,High
th20ML1dig,th20CL2dig,0.015,y,Rowley Shoals,broadcast,Acropora digitifera,Thomas et al,2020,-17.1,119.36,Acropora,th20,Rowley Shoals,broadcast,Acropora digitifera,Thomas et al,2020,-17.3,119.07,Acropora,th20,th20,TRUE,Rowley Shoals <-> Rowley Shoals,SNP,High
th20ML1dig,th20IS1dig,0.015,y,Rowley Shoals,broadcast,Acropora digitifera,Thomas et al,2020,-17.1,119.36,Acropora,th20,Rowley Shoals,broadcast,Acropora digitifera,Thomas et al,2020,-17.52,118.95,Acropora,th20,th20,TRUE,Rowley Shoals <-> Rowley Shoals,SNP,High
th20ML2dig,th20CS1dig,0.015,y,Rowley Shoals,broadcast,Acropora digitifera,Thomas et al,2020,-17.13,119.38,Acropora,th20,Rowley Shoals,broadcast,Acropora digitifera,Thomas et al,2020,-17.3,119.09,Acropora,th20,th20,TRUE,Rowley Shoals <-> Rowley Shoals,SNP,High
th20ML2dig,th20CS2dig,0.012,y,Rowley Shoals,broadcast,Acropora digitifera,Thomas et al,2020,-17.13,119.38,Acropora,th20,Rowley Shoals,broadcast,Acropora digitifera,Thomas et al,2020,-17.33,119.11,Acropora,th20,th20,TRUE,Rowley Shoals <-> Rowley Shoals,SNP,High
th20ML2dig,th20CL1dig,0.011,y,Rowley Shoals,broadcast,Acropora digitifera,Thomas et al,2020,-17.13,119.38,Acropora,th20,Rowley Shoals,broadcast,Acropora digitifera,Thomas et al,2020,-17.29,119.05,Acropora,th20,th20,TRUE,Rowley Shoals <-> Rowley Shoals,SNP,High
th20ML2dig,th20CL2dig,0.012,y,Rowley Shoals,broadcast,Acropora digitifera,Thomas et al,2020,-17.13,119.38,Acropora,th20,Rowley Shoals,broadcast,Acropora digitifera,Thomas et al,2020,-17.3,119.07,Acropora,th20,th20,TRUE,Rowley Shoals <-> Rowley Shoals,SNP,High
th20ML2dig,th20IS1dig,0.012,y,Rowley Shoals,broadcast,Acropora digitifera,Thomas et al,2020,-17.13,119.38,Acropora,th20,Rowley Shoals,broadcast,Acropora digitifera,Thomas et al,2020,-17.52,118.95,Acropora,th20,th20,TRUE,Rowley Shoals <-> Rowley Shoals,SNP,High
th20CS1dig,th20CS2dig,0.015,y,Rowley Shoals,broadcast,Acropora digitifera,Thomas et al,2020,-17.3,119.09,Acropora,th20,Rowley Shoals,broadcast,Acropora digitifera,Thomas et al,2020,-17.33,119.11,Acropora,th20,th20,TRUE,Rowley Shoals <-> Rowley Shoals,SNP,High
th20CS1dig,th20CL1dig,0.015,y,Rowley Shoals,broadcast,Acropora digitifera,Thomas et al,2020,-17.3,119.09,Acropora,th20,Rowley Shoals,broadcast,Acropora digitifera,Thomas et al,2020,-17.29,119.05,Acropora,th20,th20,TRUE,Rowley Shoals <-> Rowley Shoals,SNP,High
th20CS1dig,th20CL2dig,0.015,y,Rowley Shoals,broadcast,Acropora digitifera,Thomas et al,2020,-17.3,119.09,Acropora,th20,Rowley Shoals,broadcast,Acropora digitifera,Thomas et al,2020,-17.3,119.07,Acropora,th20,th20,TRUE,Rowley Shoals <-> Rowley Shoals,SNP,High
th20CS1dig,th20IS1dig,0.015,y,Rowley Shoals,broadcast,Acropora digitifera,Thomas et al,2020,-17.3,119.09,Acropora,th20,Rowley Shoals,broadcast,Acropora digitifera,Thomas et al,2020,-17.52,118.95,Acropora,th20,th20,TRUE,Rowley Shoals <-> Rowley Shoals,SNP,High
th20CS2dig,th20CL1dig,0.011,y,Rowley Shoals,broadcast,Acropora digitifera,Thomas et al,2020,-17.33,119.11,Acropora,th20,Rowley Shoals,broadcast,Acropora digitifera,Thomas et al,2020,-17.29,119.05,Acropora,th20,th20,TRUE,Rowley Shoals <-> Rowley Shoals,SNP,High
th20CS2dig,th20CL2dig,0.012,y,Rowley Shoals,broadcast,Acropora digitifera,Thomas et al,2020,-17.33,119.11,Acropora,th20,Rowley Shoals,broadcast,Acropora digitifera,Thomas et al,2020,-17.3,119.07,Acropora,th20,th20,TRUE,Rowley Shoals <-> Rowley Shoals,SNP,High
th20CS2dig,th20IS1dig,0.012,y,Rowley Shoals,broadcast,Acropora digitifera,Thomas et al,2020,-17.33,119.11,Acropora,th20,Rowley Shoals,broadcast,Acropora digitifera,Thomas et al,2020,-17.52,118.95,Acropora,th20,th20,TRUE,Rowley Shoals <-> Rowley Shoals,SNP,High
th20CL1dig,th20CL2dig,0.012,y,Rowley Shoals,broadcast,Acropora digitifera,Thomas et al,2020,-17.29,119.05,Acropora,th20,Rowley Shoals,broadcast,Acropora digitifera,Thomas et al,2020,-17.3,119.07,Acropora,th20,th20,TRUE,Rowley Shoals <-> Rowley Shoals,SNP,High
th20CL1dig,th20IS1dig,0.012,y,Rowley Shoals,broadcast,Acropora digitifera,Thomas et al,2020,-17.29,119.05,Acropora,th20,Rowley Shoals,broadcast,Acropora digitifera,Thomas et al,2020,-17.52,118.95,Acropora,th20,th20,TRUE,Rowley Shoals <-> Rowley Shoals,SNP,High
th20CL2dig,th20IS1dig,0.013,y,Rowley Shoals,broadcast,Acropora digitifera,Thomas et al,2020,-17.3,119.07,Acropora,th20,Rowley Shoals,broadcast,Acropora digitifera,Thomas et al,2020,-17.52,118.95,Acropora,th20,th20,TRUE,Rowley Shoals <-> Rowley Shoals,SNP,High
th20MS1bru,th20MS2bru,0.022,y,Rowley Shoals,brooding,Isopora brueggemanni,Thomas et al,2020,-17.15,119.4,Isopora,th20,Rowley Shoals,brooding,Isopora brueggemanni,Thomas et al,2020,-17.18,119.42,Isopora,th20,th20,TRUE,Rowley Shoals <-> Rowley Shoals,SNP,High
th20MS1bru,th20ML1bru,0.035,y,Rowley Shoals,brooding,Isopora brueggemanni,Thomas et al,2020,-17.15,119.4,Isopora,th20,Rowley Shoals,brooding,Isopora brueggemanni,Thomas et al,2020,-17.1,119.36,Isopora,th20,th20,TRUE,Rowley Shoals <-> Rowley Shoals,SNP,High
th20MS1bru,th20ML2bru,0.058,y,Rowley Shoals,brooding,Isopora brueggemanni,Thomas et al,2020,-17.15,119.4,Isopora,th20,Rowley Shoals,brooding,Isopora brueggemanni,Thomas et al,2020,-17.13,119.38,Isopora,th20,th20,TRUE,Rowley Shoals <-> Rowley Shoals,SNP,High
th20MS1bru,th20CS1bru,0.03,y,Rowley Shoals,brooding,Isopora brueggemanni,Thomas et al,2020,-17.15,119.4,Isopora,th20,Rowley Shoals,brooding,Isopora brueggemanni,Thomas et al,2020,-17.3,119.09,Isopora,th20,th20,TRUE,Rowley Shoals <-> Rowley Shoals,SNP,High
th20MS1bru,th20CS2bru,0.027,y,Rowley Shoals,brooding,Isopora brueggemanni,Thomas et al,2020,-17.15,119.4,Isopora,th20,Rowley Shoals,brooding,Isopora brueggemanni,Thomas et al,2020,-17.33,119.11,Isopora,th20,th20,TRUE,Rowley Shoals <-> Rowley Shoals,SNP,High
th20MS1bru,th20CL1bru,0.034,y,Rowley Shoals,brooding,Isopora brueggemanni,Thomas et al,2020,-17.15,119.4,Isopora,th20,Rowley Shoals,brooding,Isopora brueggemanni,Thomas et al,2020,-17.29,119.05,Isopora,th20,th20,TRUE,Rowley Shoals <-> Rowley Shoals,SNP,High
th20MS1bru,th20CL2bru,0.034,y,Rowley Shoals,brooding,Isopora brueggemanni,Thomas et al,2020,-17.15,119.4,Isopora,th20,Rowley Shoals,brooding,Isopora brueggemanni,Thomas et al,2020,-17.3,119.07,Isopora,th20,th20,TRUE,Rowley Shoals <-> Rowley Shoals,SNP,High
th20MS1bru,th20IS1bru,0.034,y,Rowley Shoals,brooding,Isopora brueggemanni,Thomas et al,2020,-17.15,119.4,Isopora,th20,Rowley Shoals,brooding,Isopora brueggemanni,Thomas et al,2020,-17.52,118.95,Isopora,th20,th20,TRUE,Rowley Shoals <-> Rowley Shoals,SNP,High
th20MS2bru,th20ML1bru,0.035,y,Rowley Shoals,brooding,Isopora brueggemanni,Thomas et al,2020,-17.18,119.42,Isopora,th20,Rowley Shoals,brooding,Isopora brueggemanni,Thomas et al,2020,-17.1,119.36,Isopora,th20,th20,TRUE,Rowley Shoals <-> Rowley Shoals,SNP,High
th20MS2bru,th20ML2bru,0.056,y,Rowley Shoals,brooding,Isopora brueggemanni,Thomas et al,2020,-17.18,119.42,Isopora,th20,Rowley Shoals,brooding,Isopora brueggemanni,Thomas et al,2020,-17.13,119.38,Isopora,th20,th20,TRUE,Rowley Shoals <-> Rowley Shoals,SNP,High
th20MS2bru,th20CS1bru,0.024,y,Rowley Shoals,brooding,Isopora brueggemanni,Thomas et al,2020,-17.18,119.42,Isopora,th20,Rowley Shoals,brooding,Isopora brueggemanni,Thomas et al,2020,-17.3,119.09,Isopora,th20,th20,TRUE,Rowley Shoals <-> Rowley Shoals,SNP,High
th20MS2bru,th20CS2bru,0.022,y,Rowley Shoals,brooding,Isopora brueggemanni,Thomas et al,2020,-17.18,119.42,Isopora,th20,Rowley Shoals,brooding,Isopora brueggemanni,Thomas et al,2020,-17.33,119.11,Isopora,th20,th20,TRUE,Rowley Shoals <-> Rowley Shoals,SNP,High
th20MS2bru,th20CL1bru,0.034,y,Rowley Shoals,brooding,Isopora brueggemanni,Thomas et al,2020,-17.18,119.42,Isopora,th20,Rowley Shoals,brooding,Isopora brueggemanni,Thomas et al,2020,-17.29,119.05,Isopora,th20,th20,TRUE,Rowley Shoals <-> Rowley Shoals,SNP,High
th20MS2bru,th20CL2bru,0.034,y,Rowley Shoals,brooding,Isopora brueggemanni,Thomas et al,2020,-17.18,119.42,Isopora,th20,Rowley Shoals,brooding,Isopora brueggemanni,Thomas et al,2020,-17.3,119.07,Isopora,th20,th20,TRUE,Rowley Shoals <-> Rowley Shoals,SNP,High
th20MS2bru,th20IS1bru,0.028,y,Rowley Shoals,brooding,Isopora brueggemanni,Thomas et al,2020,-17.18,119.42,Isopora,th20,Rowley Shoals,brooding,Isopora brueggemanni,Thomas et al,2020,-17.52,118.95,Isopora,th20,th20,TRUE,Rowley Shoals <-> Rowley Shoals,SNP,High
th20ML1bru,th20ML2bru,0.059,y,Rowley Shoals,brooding,Isopora brueggemanni,Thomas et al,2020,-17.1,119.36,Isopora,th20,Rowley Shoals,brooding,Isopora brueggemanni,Thomas et al,2020,-17.13,119.38,Isopora,th20,th20,TRUE,Rowley Shoals <-> Rowley Shoals,SNP,High
th20ML1bru,th20CS1bru,0.038,y,Rowley Shoals,brooding,Isopora brueggemanni,Thomas et al,2020,-17.1,119.36,Isopora,th20,Rowley Shoals,brooding,Isopora brueggemanni,Thomas et al,2020,-17.3,119.09,Isopora,th20,th20,TRUE,Rowley Shoals <-> Rowley Shoals,SNP,High
th20ML1bru,th20CS2bru,0.036,y,Rowley Shoals,brooding,Isopora brueggemanni,Thomas et al,2020,-17.1,119.36,Isopora,th20,Rowley Shoals,brooding,Isopora brueggemanni,Thomas et al,2020,-17.33,119.11,Isopora,th20,th20,TRUE,Rowley Shoals <-> Rowley Shoals,SNP,High
th20ML1bru,th20CL1bru,0.038,y,Rowley Shoals,brooding,Isopora brueggemanni,Thomas et al,2020,-17.1,119.36,Isopora,th20,Rowley Shoals,brooding,Isopora brueggemanni,Thomas et al,2020,-17.29,119.05,Isopora,th20,th20,TRUE,Rowley Shoals <-> Rowley Shoals,SNP,High
th20ML1bru,th20CL2bru,0.038,y,Rowley Shoals,brooding,Isopora brueggemanni,Thomas et al,2020,-17.1,119.36,Isopora,th20,Rowley Shoals,brooding,Isopora brueggemanni,Thomas et al,2020,-17.3,119.07,Isopora,th20,th20,TRUE,Rowley Shoals <-> Rowley Shoals,SNP,High
th20ML1bru,th20IS1bru,0.041,y,Rowley Shoals,brooding,Isopora brueggemanni,Thomas et al,2020,-17.1,119.36,Isopora,th20,Rowley Shoals,brooding,Isopora brueggemanni,Thomas et al,2020,-17.52,118.95,Isopora,th20,th20,TRUE,Rowley Shoals <-> Rowley Shoals,SNP,High
th20ML2bru,th20CS1bru,0.06,y,Rowley Shoals,brooding,Isopora brueggemanni,Thomas et al,2020,-17.13,119.38,Isopora,th20,Rowley Shoals,brooding,Isopora brueggemanni,Thomas et al,2020,-17.3,119.09,Isopora,th20,th20,TRUE,Rowley Shoals <-> Rowley Shoals,SNP,High
th20ML2bru,th20CS2bru,0.056,y,Rowley Shoals,brooding,Isopora brueggemanni,Thomas et al,2020,-17.13,119.38,Isopora,th20,Rowley Shoals,brooding,Isopora brueggemanni,Thomas et al,2020,-17.33,119.11,Isopora,th20,th20,TRUE,Rowley Shoals <-> Rowley Shoals,SNP,High
th20ML2bru,th20CL1bru,0.059,y,Rowley Shoals,brooding,Isopora brueggemanni,Thomas et al,2020,-17.13,119.38,Isopora,th20,Rowley Shoals,brooding,Isopora brueggemanni,Thomas et al,2020,-17.29,119.05,Isopora,th20,th20,TRUE,Rowley Shoals <-> Rowley Shoals,SNP,High
th20ML2bru,th20CL2bru,0.059,y,Rowley Shoals,brooding,Isopora brueggemanni,Thomas et al,2020,-17.13,119.38,Isopora,th20,Rowley Shoals,brooding,Isopora brueggemanni,Thomas et al,2020,-17.3,119.07,Isopora,th20,th20,TRUE,Rowley Shoals <-> Rowley Shoals,SNP,High
th20ML2bru,th20IS1bru,0.062,y,Rowley Shoals,brooding,Isopora brueggemanni,Thomas et al,2020,-17.13,119.38,Isopora,th20,Rowley Shoals,brooding,Isopora brueggemanni,Thomas et al,2020,-17.52,118.95,Isopora,th20,th20,TRUE,Rowley Shoals <-> Rowley Shoals,SNP,High
th20CS1bru,th20CS2bru,0.014,y,Rowley Shoals,brooding,Isopora brueggemanni,Thomas et al,2020,-17.3,119.09,Isopora,th20,Rowley Shoals,brooding,Isopora brueggemanni,Thomas et al,2020,-17.33,119.11,Isopora,th20,th20,TRUE,Rowley Shoals <-> Rowley Shoals,SNP,High
th20CS1bru,th20CL1bru,0.03,y,Rowley Shoals,brooding,Isopora brueggemanni,Thomas et al,2020,-17.3,119.09,Isopora,th20,Rowley Shoals,brooding,Isopora brueggemanni,Thomas et al,2020,-17.29,119.05,Isopora,th20,th20,TRUE,Rowley Shoals <-> Rowley Shoals,SNP,High
th20CS1bru,th20CL2bru,0.03,y,Rowley Shoals,brooding,Isopora brueggemanni,Thomas et al,2020,-17.3,119.09,Isopora,th20,Rowley Shoals,brooding,Isopora brueggemanni,Thomas et al,2020,-17.3,119.07,Isopora,th20,th20,TRUE,Rowley Shoals <-> Rowley Shoals,SNP,High
th20CS1bru,th20IS1bru,0.028,y,Rowley Shoals,brooding,Isopora brueggemanni,Thomas et al,2020,-17.3,119.09,Isopora,th20,Rowley Shoals,brooding,Isopora brueggemanni,Thomas et al,2020,-17.52,118.95,Isopora,th20,th20,TRUE,Rowley Shoals <-> Rowley Shoals,SNP,High
th20CS2bru,th20CL1bru,0.026,y,Rowley Shoals,brooding,Isopora brueggemanni,Thomas et al,2020,-17.33,119.11,Isopora,th20,Rowley Shoals,brooding,Isopora brueggemanni,Thomas et al,2020,-17.29,119.05,Isopora,th20,th20,TRUE,Rowley Shoals <-> Rowley Shoals,SNP,High
th20CS2bru,th20CL2bru,0.027,y,Rowley Shoals,brooding,Isopora brueggemanni,Thomas et al,2020,-17.33,119.11,Isopora,th20,Rowley Shoals,brooding,Isopora brueggemanni,Thomas et al,2020,-17.3,119.07,Isopora,th20,th20,TRUE,Rowley Shoals <-> Rowley Shoals,SNP,High
th20CS2bru,th20IS1bru,0.026,y,Rowley Shoals,brooding,Isopora brueggemanni,Thomas et al,2020,-17.33,119.11,Isopora,th20,Rowley Shoals,brooding,Isopora brueggemanni,Thomas et al,2020,-17.52,118.95,Isopora,th20,th20,TRUE,Rowley Shoals <-> Rowley Shoals,SNP,High
th20CL1bru,th20CL2bru,0.016,n,Rowley Shoals,brooding,Isopora brueggemanni,Thomas et al,2020,-17.29,119.05,Isopora,th20,Rowley Shoals,brooding,Isopora brueggemanni,Thomas et al,2020,-17.3,119.07,Isopora,th20,th20,TRUE,Rowley Shoals <-> Rowley Shoals,SNP,High
th20CL1bru,th20IS1bru,0.035,y,Rowley Shoals,brooding,Isopora brueggemanni,Thomas et al,2020,-17.29,119.05,Isopora,th20,Rowley Shoals,brooding,Isopora brueggemanni,Thomas et al,2020,-17.52,118.95,Isopora,th20,th20,TRUE,Rowley Shoals <-> Rowley Shoals,SNP,High
th20CL2bru,th20IS1bru,0.035,y,Rowley Shoals,brooding,Isopora brueggemanni,Thomas et al,2020,-17.3,119.07,Isopora,th20,Rowley Shoals,brooding,Isopora brueggemanni,Thomas et al,2020,-17.52,118.95,Isopora,th20,th20,TRUE,Rowley Shoals <-> Rowley Shoals,SNP,High
ad21Qu,ad21GN,0,n,Ningaloo,broadcast,Acropora digitifera,Adam et al,2022,-24.49,113.41,Acropora,ad21,Ningaloo,broadcast,Acropora digitifera,Adam et al,2022,-23.82,113.52,Acropora,ad21,ad21,TRUE,Ningaloo <-> Ningaloo,SNP,High
ad21Qu,ad21NS,0,n,Ningaloo,broadcast,Acropora digitifera,Adam et al,2022,-24.49,113.41,Acropora,ad21,Ningaloo,broadcast,Acropora digitifera,Adam et al,2022,-23.44,113.78,Acropora,ad21,ad21,TRUE,Ningaloo <-> Ningaloo,SNP,High
ad21GN,ad21NS,0.001,n,Ningaloo,broadcast,Acropora digitifera,Adam et al,2022,-23.82,113.52,Acropora,ad21,Ningaloo,broadcast,Acropora digitifera,Adam et al,2022,-23.44,113.78,Acropora,ad21,ad21,TRUE,Ningaloo <-> Ningaloo,SNP,High
ad21JI,ad21HI,0,y,Kimberley Nearshore,broadcast,Acropora digitifera,Adam et al,2022,-15.71,124.47,Acropora,ad21,Kimberley Nearshore,broadcast,Acropora digitifera,Adam et al,2022,-15.06,124.73,Acropora,ad21,ad21,TRUE,Kimberley Nearshore <-> Kimberley Nearshore,SNP,High
ad21JI,ad21Au,0,n,Kimberley Nearshore,broadcast,Acropora digitifera,Adam et al,2022,-15.71,124.47,Acropora,ad21,Kimberley Nearshore,broadcast,Acropora digitifera,Adam et al,2022,-15.47,124.55,Acropora,ad21,ad21,TRUE,Kimberley Nearshore <-> Kimberley Nearshore,SNP,High
ad21JI,ad21OI,0.056,y,Kimberley Nearshore,broadcast,Acropora digitifera,Adam et al,2022,-15.71,124.47,Acropora,ad21,Kimberley Nearshore,broadcast,Acropora digitifera,Adam et al,2022,-14.67,124.68,Acropora,ad21,ad21,TRUE,Kimberley Nearshore <-> Kimberley Nearshore,SNP,High
ad21JI,ad21Ad,0.735,y,Kimberley Nearshore,broadcast,Acropora digitifera,Adam et al,2022,-15.71,124.47,Acropora,ad21,Kimberley Nearshore,broadcast,Acropora digitifera,Adam et al,2022,-15.53,123.2,Acropora,ad21,ad21,TRUE,Kimberley Nearshore <-> Kimberley Nearshore,SNP,High
ad21JI,ad21BR,0.741,y,Kimberley Nearshore,broadcast,Acropora digitifera,Adam et al,2022,-15.71,124.47,Acropora,ad21,Kimberley Nearshore,broadcast,Acropora digitifera,Adam et al,2022,-15.32,123.54,Acropora,ad21,ad21,TRUE,Kimberley Nearshore <-> Kimberley Nearshore,SNP,High
ad21HI,ad21Au,0,n,Kimberley Nearshore,broadcast,Acropora digitifera,Adam et al,2022,-15.06,124.73,Acropora,ad21,Kimberley Nearshore,broadcast,Acropora digitifera,Adam et al,2022,-15.47,124.55,Acropora,ad21,ad21,TRUE,Kimberley Nearshore <-> Kimberley Nearshore,SNP,High
ad21HI,ad21OI,0.196,y,Kimberley Nearshore,broadcast,Acropora digitifera,Adam et al,2022,-15.06,124.73,Acropora,ad21,Kimberley Nearshore,broadcast,Acropora digitifera,Adam et al,2022,-14.67,124.68,Acropora,ad21,ad21,TRUE,Kimberley Nearshore <-> Kimberley Nearshore,SNP,High
ad21HI,ad21Ad,0.717,y,Kimberley Nearshore,broadcast,Acropora digitifera,Adam et al,2022,-15.06,124.73,Acropora,ad21,Kimberley Nearshore,broadcast,Acropora digitifera,Adam et al,2022,-15.53,123.2,Acropora,ad21,ad21,TRUE,Kimberley Nearshore <-> Kimberley Nearshore,SNP,High
ad21HI,ad21BR,0.723,y,Kimberley Nearshore,broadcast,Acropora digitifera,Adam et al,2022,-15.06,124.73,Acropora,ad21,Kimberley Nearshore,broadcast,Acropora digitifera,Adam et al,2022,-15.32,123.54,Acropora,ad21,ad21,TRUE,Kimberley Nearshore <-> Kimberley Nearshore,SNP,High
ad21Au,ad21OI,0.003,n,Kimberley Nearshore,broadcast,Acropora digitifera,Adam et al,2022,-15.47,124.55,Acropora,ad21,Kimberley Nearshore,broadcast,Acropora digitifera,Adam et al,2022,-14.67,124.68,Acropora,ad21,ad21,TRUE,Kimberley Nearshore <-> Kimberley Nearshore,SNP,High
ad21Au,ad21Ad,0.722,y,Kimberley Nearshore,broadcast,Acropora digitifera,Adam et al,2022,-15.47,124.55,Acropora,ad21,Kimberley Nearshore,broadcast,Acropora digitifera,Adam et al,2022,-15.53,123.2,Acropora,ad21,ad21,TRUE,Kimberley Nearshore <-> Kimberley Nearshore,SNP,High
ad21Au,ad21BR,0.724,y,Kimberley Nearshore,broadcast,Acropora digitifera,Adam et al,2022,-15.47,124.55,Acropora,ad21,Kimberley Nearshore,broadcast,Acropora digitifera,Adam et al,2022,-15.32,123.54,Acropora,ad21,ad21,TRUE,Kimberley Nearshore <-> Kimberley Nearshore,SNP,High
ad21OI,ad21Ad,0.691,y,Kimberley Nearshore,broadcast,Acropora digitifera,Adam et al,2022,-14.67,124.68,Acropora,ad21,Kimberley Nearshore,broadcast,Acropora digitifera,Adam et al,2022,-15.53,123.2,Acropora,ad21,ad21,TRUE,Kimberley Nearshore <-> Kimberley Nearshore,SNP,High
ad21OI,ad21BR,0.694,y,Kimberley Nearshore,broadcast,Acropora digitifera,Adam et al,2022,-14.67,124.68,Acropora,ad21,Kimberley Nearshore,broadcast,Acropora digitifera,Adam et al,2022,-15.32,123.54,Acropora,ad21,ad21,TRUE,Kimberley Nearshore <-> Kimberley Nearshore,SNP,High
ad21Ad,ad21BR,0.003,y,Kimberley Nearshore,broadcast,Acropora digitifera,Adam et al,2022,-15.53,123.2,Acropora,ad21,Kimberley Nearshore,broadcast,Acropora digitifera,Adam et al,2022,-15.32,123.54,Acropora,ad21,ad21,TRUE,Kimberley Nearshore <-> Kimberley Nearshore,SNP,High
ad21IS,ad21ME,0,n,Rowley Shoals,broadcast,Acropora digitifera,Adam et al,2022,-17.55,118.97,Acropora,ad21,Rowley Shoals,broadcast,Acropora digitifera,Adam et al,2022,-17.13,119.63,Acropora,ad21,ad21,TRUE,Rowley Shoals <-> Rowley Shoals,SNP,High
ad21IS,ad21CL,0,n,Rowley Shoals,broadcast,Acropora digitifera,Adam et al,2022,-17.55,118.97,Acropora,ad21,Rowley Shoals,broadcast,Acropora digitifera,Adam et al,2022,-17.35,119.37,Acropora,ad21,ad21,TRUE,Rowley Shoals <-> Rowley Shoals,SNP,High
ad21ME,ad21CL,0,n,Rowley Shoals,broadcast,Acropora digitifera,Adam et al,2022,-17.13,119.63,Acropora,ad21,Rowley Shoals,broadcast,Acropora digitifera,Adam et al,2022,-17.35,119.37,Acropora,ad21,ad21,TRUE,Rowley Shoals <-> Rowley Shoals,SNP,High
un07SL1,un07SL2,0.045,y,Scott Reef,brooding,Seriatopora hystrix,Underwood,2007,-14.05,121.8,Seriatopora,un07,Scott Reef,brooding,Seriatopora hystrix,Underwood,2007,-14.1,121.85,Seriatopora,un07,un07,TRUE,Scott Reef <-> Scott Reef,Microsatellite,Medium
un07SL1,un07SL4,0.118,y,Scott Reef,brooding,Seriatopora hystrix,Underwood,2007,-14.05,121.8,Seriatopora,un07,Scott Reef,brooding,Seriatopora hystrix,Underwood,2007,-14.1,121.9,Seriatopora,un07,un07,TRUE,Scott Reef <-> Scott Reef,Microsatellite,Medium
un07SL1,un07SL5,0.064,y,Scott Reef,brooding,Seriatopora hystrix,Underwood,2007,-14.05,121.8,Seriatopora,un07,Scott Reef,brooding,Seriatopora hystrix,Underwood,2007,-14.12,121.88,Seriatopora,un07,un07,TRUE,Scott Reef <-> Scott Reef,Microsatellite,Medium
un07SL1,un07SS1,0.187,y,Scott Reef,brooding,Seriatopora hystrix,Underwood,2007,-14.05,121.8,Seriatopora,un07,Scott Reef,brooding,Seriatopora hystrix,Underwood,2007,-14,121.77,Seriatopora,un07,un07,TRUE,Scott Reef <-> Scott Reef,Microsatellite,Medium
un07SL1,un07SS3,0.146,y,Scott Reef,brooding,Seriatopora hystrix,Underwood,2007,-14.05,121.8,Seriatopora,un07,Scott Reef,brooding,Seriatopora hystrix,Underwood,2007,-13.9,121.83,Seriatopora,un07,un07,TRUE,Scott Reef <-> Scott Reef,Microsatellite,Medium
un07SL2,un07SL4,0.083,y,Scott Reef,brooding,Seriatopora hystrix,Underwood,2007,-14.1,121.85,Seriatopora,un07,Scott Reef,brooding,Seriatopora hystrix,Underwood,2007,-14.1,121.9,Seriatopora,un07,un07,TRUE,Scott Reef <-> Scott Reef,Microsatellite,Medium
un07SL2,un07SL5,0.065,y,Scott Reef,brooding,Seriatopora hystrix,Underwood,2007,-14.1,121.85,Seriatopora,un07,Scott Reef,brooding,Seriatopora hystrix,Underwood,2007,-14.12,121.88,Seriatopora,un07,un07,TRUE,Scott Reef <-> Scott Reef,Microsatellite,Medium
un07SL2,un07SS1,0.163,y,Scott Reef,brooding,Seriatopora hystrix,Underwood,2007,-14.1,121.85,Seriatopora,un07,Scott Reef,brooding,Seriatopora hystrix,Underwood,2007,-14,121.77,Seriatopora,un07,un07,TRUE,Scott Reef <-> Scott Reef,Microsatellite,Medium
un07SL2,un07SS3,0.111,y,Scott Reef,brooding,Seriatopora hystrix,Underwood,2007,-14.1,121.85,Seriatopora,un07,Scott Reef,brooding,Seriatopora hystrix,Underwood,2007,-13.9,121.83,Seriatopora,un07,un07,TRUE,Scott Reef <-> Scott Reef,Microsatellite,Medium
un07SL4,un07SL5,0.077,y,Scott Reef,brooding,Seriatopora hystrix,Underwood,2007,-14.1,121.9,Seriatopora,un07,Scott Reef,brooding,Seriatopora hystrix,Underwood,2007,-14.12,121.88,Seriatopora,un07,un07,TRUE,Scott Reef <-> Scott Reef,Microsatellite,Medium
un07SL4,un07SS1,0.068,y,Scott Reef,brooding,Seriatopora hystrix,Underwood,2007,-14.1,121.9,Seriatopora,un07,Scott Reef,brooding,Seriatopora hystrix,Underwood,2007,-14,121.77,Seriatopora,un07,un07,TRUE,Scott Reef <-> Scott Reef,Microsatellite,Medium
un07SL4,un07SS3,0.033,y,Scott Reef,brooding,Seriatopora hystrix,Underwood,2007,-14.1,121.9,Seriatopora,un07,Scott Reef,brooding,Seriatopora hystrix,Underwood,2007,-13.9,121.83,Seriatopora,un07,un07,TRUE,Scott Reef <-> Scott Reef,Microsatellite,Medium
un07SL5,un07SS1,0.106,y,Scott Reef,brooding,Seriatopora hystrix,Underwood,2007,-14.12,121.88,Seriatopora,un07,Scott Reef,brooding,Seriatopora hystrix,Underwood,2007,-14,121.77,Seriatopora,un07,un07,TRUE,Scott Reef <-> Scott Reef,Microsatellite,Medium
un07SL5,un07SS3,0.084,y,Scott Reef,brooding,Seriatopora hystrix,Underwood,2007,-14.12,121.88,Seriatopora,un07,Scott Reef,brooding,Seriatopora hystrix,Underwood,2007,-13.9,121.83,Seriatopora,un07,un07,TRUE,Scott Reef <-> Scott Reef,Microsatellite,Medium
un07SS1,un07SS3,0.051,y,Scott Reef,brooding,Seriatopora hystrix,Underwood,2007,-14,121.77,Seriatopora,un07,Scott Reef,brooding,Seriatopora hystrix,Underwood,2007,-13.9,121.83,Seriatopora,un07,un07,TRUE,Scott Reef <-> Scott Reef,Microsatellite,Medium
th15P1,th15P2,0.019,n,Abrolhos,broadcast,Acropora spicifera,Thomas et al,2015,-28.7,113.8,Acropora,th15,Abrolhos,broadcast,Acropora spicifera,Thomas et al,2015,-28.7,113.8,Acropora,th15,th15,TRUE,Abrolhos <-> Abrolhos,Microsatellite,Medium
th15P1,th15P3,0.028,n,Abrolhos,broadcast,Acropora spicifera,Thomas et al,2015,-28.7,113.8,Acropora,th15,Abrolhos,broadcast,Acropora spicifera,Thomas et al,2015,-28.7,113.8,Acropora,th15,th15,TRUE,Abrolhos <-> Abrolhos,Microsatellite,Medium
th15P1,th15P4,0.045,y,Abrolhos,broadcast,Acropora spicifera,Thomas et al,2015,-28.7,113.8,Acropora,th15,Abrolhos,broadcast,Acropora spicifera,Thomas et al,2015,-28.7,113.8,Acropora,th15,th15,TRUE,Abrolhos <-> Abrolhos,Microsatellite,Medium
th15P1,th15P5,0.018,n,Abrolhos,broadcast,Acropora spicifera,Thomas et al,2015,-28.7,113.8,Acropora,th15,Abrolhos,broadcast,Acropora spicifera,Thomas et al,2015,-28.7,113.8,Acropora,th15,th15,TRUE,Abrolhos <-> Abrolhos,Microsatellite,Medium
th15P1,th15E1,0.013,n,Abrolhos,broadcast,Acropora spicifera,Thomas et al,2015,-28.7,113.8,Acropora,th15,Abrolhos,broadcast,Acropora spicifera,Thomas et al,2015,-28.7,113.8,Acropora,th15,th15,TRUE,Abrolhos <-> Abrolhos,Microsatellite,Medium
th15P1,th15E2,0.011,n,Abrolhos,broadcast,Acropora spicifera,Thomas et al,2015,-28.7,113.8,Acropora,th15,Abrolhos,broadcast,Acropora spicifera,Thomas et al,2015,-28.7,113.8,Acropora,th15,th15,TRUE,Abrolhos <-> Abrolhos,Microsatellite,Medium
th15P1,th15E3,0.02,n,Abrolhos,broadcast,Acropora spicifera,Thomas et al,2015,-28.7,113.8,Acropora,th15,Abrolhos,broadcast,Acropora spicifera,Thomas et al,2015,-28.7,113.8,Acropora,th15,th15,TRUE,Abrolhos <-> Abrolhos,Microsatellite,Medium
th15P1,th15E4,0.018,n,Abrolhos,broadcast,Acropora spicifera,Thomas et al,2015,-28.7,113.8,Acropora,th15,Abrolhos,broadcast,Acropora spicifera,Thomas et al,2015,-28.7,113.8,Acropora,th15,th15,TRUE,Abrolhos <-> Abrolhos,Microsatellite,Medium
th15P1,th15E5,0.014,n,Abrolhos,broadcast,Acropora spicifera,Thomas et al,2015,-28.7,113.8,Acropora,th15,Abrolhos,broadcast,Acropora spicifera,Thomas et al,2015,-28.7,113.8,Acropora,th15,th15,TRUE,Abrolhos <-> Abrolhos,Microsatellite,Medium
th15P1,th15W1,0.016,n,Abrolhos,broadcast,Acropora spicifera,Thomas et al,2015,-28.7,113.8,Acropora,th15,Abrolhos,broadcast,Acropora spicifera,Thomas et al,2015,-28.7,113.8,Acropora,th15,th15,TRUE,Abrolhos <-> Abrolhos,Microsatellite,Medium
th15P1,th15W2,0.017,n,Abrolhos,broadcast,Acropora spicifera,Thomas et al,2015,-28.7,113.8,Acropora,th15,Abrolhos,broadcast,Acropora spicifera,Thomas et al,2015,-28.7,113.8,Acropora,th15,th15,TRUE,Abrolhos <-> Abrolhos,Microsatellite,Medium
th15P1,th15W3,0.016,n,Abrolhos,broadcast,Acropora spicifera,Thomas et al,2015,-28.7,113.8,Acropora,th15,Abrolhos,broadcast,Acropora spicifera,Thomas et al,2015,-28.7,113.8,Acropora,th15,th15,TRUE,Abrolhos <-> Abrolhos,Microsatellite,Medium
th15P1,th15W4,0.015,n,Abrolhos,broadcast,Acropora spicifera,Thomas et al,2015,-28.7,113.8,Acropora,th15,Abrolhos,broadcast,Acropora spicifera,Thomas et al,2015,-28.7,113.8,Acropora,th15,th15,TRUE,Abrolhos <-> Abrolhos,Microsatellite,Medium
th15P1,th15W5,0.012,n,Abrolhos,broadcast,Acropora spicifera,Thomas et al,2015,-28.7,113.8,Acropora,th15,Abrolhos,broadcast,Acropora spicifera,Thomas et al,2015,-28.7,113.8,Acropora,th15,th15,TRUE,Abrolhos <-> Abrolhos,Microsatellite,Medium
th15P2,th15P3,0.029,n,Abrolhos,broadcast,Acropora spicifera,Thomas et al,2015,-28.7,113.8,Acropora,th15,Abrolhos,broadcast,Acropora spicifera,Thomas et al,2015,-28.7,113.8,Acropora,th15,th15,TRUE,Abrolhos <-> Abrolhos,Microsatellite,Medium
th15P2,th15P4,0.037,n,Abrolhos,broadcast,Acropora spicifera,Thomas et al,2015,-28.7,113.8,Acropora,th15,Abrolhos,broadcast,Acropora spicifera,Thomas et al,2015,-28.7,113.8,Acropora,th15,th15,TRUE,Abrolhos <-> Abrolhos,Microsatellite,Medium
th15P2,th15P5,0.033,n,Abrolhos,broadcast,Acropora spicifera,Thomas et al,2015,-28.7,113.8,Acropora,th15,Abrolhos,broadcast,Acropora spicifera,Thomas et al,2015,-28.7,113.8,Acropora,th15,th15,TRUE,Abrolhos <-> Abrolhos,Microsatellite,Medium
th15P2,th15E1,0.016,n,Abrolhos,broadcast,Acropora spicifera,Thomas et al,2015,-28.7,113.8,Acropora,th15,Abrolhos,broadcast,Acropora spicifera,Thomas et al,2015,-28.7,113.8,Acropora,th15,th15,TRUE,Abrolhos <-> Abrolhos,Microsatellite,Medium
th15P2,th15E2,0.012,n,Abrolhos,broadcast,Acropora spicifera,Thomas et al,2015,-28.7,113.8,Acropora,th15,Abrolhos,broadcast,Acropora spicifera,Thomas et al,2015,-28.7,113.8,Acropora,th15,th15,TRUE,Abrolhos <-> Abrolhos,Microsatellite,Medium
th15P2,th15E3,0.012,n,Abrolhos,broadcast,Acropora spicifera,Thomas et al,2015,-28.7,113.8,Acropora,th15,Abrolhos,broadcast,Acropora spicifera,Thomas et al,2015,-28.7,113.8,Acropora,th15,th15,TRUE,Abrolhos <-> Abrolhos,Microsatellite,Medium
th15P2,th15E4,0.012,n,Abrolhos,broadcast,Acropora spicifera,Thomas et al,2015,-28.7,113.8,Acropora,th15,Abrolhos,broadcast,Acropora spicifera,Thomas et al,2015,-28.7,113.8,Acropora,th15,th15,TRUE,Abrolhos <-> Abrolhos,Microsatellite,Medium
th15P2,th15E5,0.013,n,Abrolhos,broadcast,Acropora spicifera,Thomas et al,2015,-28.7,113.8,Acropora,th15,Abrolhos,broadcast,Acropora spicifera,Thomas et al,2015,-28.7,113.8,Acropora,th15,th15,TRUE,Abrolhos <-> Abrolhos,Microsatellite,Medium
th15P2,th15W1,0.01,n,Abrolhos,broadcast,Acropora spicifera,Thomas et al,2015,-28.7,113.8,Acropora,th15,Abrolhos,broadcast,Acropora spicifera,Thomas et al,2015,-28.7,113.8,Acropora,th15,th15,TRUE,Abrolhos <-> Abrolhos,Microsatellite,Medium
th15P2,th15W2,0.02,n,Abrolhos,broadcast,Acropora spicifera,Thomas et al,2015,-28.7,113.8,Acropora,th15,Abrolhos,broadcast,Acropora spicifera,Thomas et al,2015,-28.7,113.8,Acropora,th15,th15,TRUE,Abrolhos <-> Abrolhos,Microsatellite,Medium
th15P2,th15W3,0.014,n,Abrolhos,broadcast,Acropora spicifera,Thomas et al,2015,-28.7,113.8,Acropora,th15,Abrolhos,broadcast,Acropora spicifera,Thomas et al,2015,-28.7,113.8,Acropora,th15,th15,TRUE,Abrolhos <-> Abrolhos,Microsatellite,Medium
th15P2,th15W4,0.015,n,Abrolhos,broadcast,Acropora spicifera,Thomas et al,2015,-28.7,113.8,Acropora,th15,Abrolhos,broadcast,Acropora spicifera,Thomas et al,2015,-28.7,113.8,Acropora,th15,th15,TRUE,Abrolhos <-> Abrolhos,Microsatellite,Medium
th15P2,th15W5,0.016,n,Abrolhos,broadcast,Acropora spicifera,Thomas et al,2015,-28.7,113.8,Acropora,th15,Abrolhos,broadcast,Acropora spicifera,Thomas et al,2015,-28.7,113.8,Acropora,th15,th15,TRUE,Abrolhos <-> Abrolhos,Microsatellite,Medium
th15P3,th15P4,0.02,n,Abrolhos,broadcast,Acropora spicifera,Thomas et al,2015,-28.7,113.8,Acropora,th15,Abrolhos,broadcast,Acropora spicifera,Thomas et al,2015,-28.7,113.8,Acropora,th15,th15,TRUE,Abrolhos <-> Abrolhos,Microsatellite,Medium
th15P3,th15P5,0.039,y,Abrolhos,broadcast,Acropora spicifera,Thomas et al,2015,-28.7,113.8,Acropora,th15,Abrolhos,broadcast,Acropora spicifera,Thomas et al,2015,-28.7,113.8,Acropora,th15,th15,TRUE,Abrolhos <-> Abrolhos,Microsatellite,Medium
th15P3,th15E1,0.023,n,Abrolhos,broadcast,Acropora spicifera,Thomas et al,2015,-28.7,113.8,Acropora,th15,Abrolhos,broadcast,Acropora spicifera,Thomas et al,2015,-28.7,113.8,Acropora,th15,th15,TRUE,Abrolhos <-> Abrolhos,Microsatellite,Medium
th15P3,th15E2,0.025,n,Abrolhos,broadcast,Acropora spicifera,Thomas et al,2015,-28.7,113.8,Acropora,th15,Abrolhos,broadcast,Acropora spicifera,Thomas et al,2015,-28.7,113.8,Acropora,th15,th15,TRUE,Abrolhos <-> Abrolhos,Microsatellite,Medium
th15P3,th15E3,0.03,y,Abrolhos,broadcast,Acropora spicifera,Thomas et al,2015,-28.7,113.8,Acropora,th15,Abrolhos,broadcast,Acropora spicifera,Thomas et al,2015,-28.7,113.8,Acropora,th15,th15,TRUE,Abrolhos <-> Abrolhos,Microsatellite,Medium
th15P3,th15E4,0.029,n,Abrolhos,broadcast,Acropora spicifera,Thomas et al,2015,-28.7,113.8,Acropora,th15,Abrolhos,broadcast,Acropora spicifera,Thomas et al,2015,-28.7,113.8,Acropora,th15,th15,TRUE,Abrolhos <-> Abrolhos,Microsatellite,Medium
th15P3,th15E5,0.028,n,Abrolhos,broadcast,Acropora spicifera,Thomas et al,2015,-28.7,113.8,Acropora,th15,Abrolhos,broadcast,Acropora spicifera,Thomas et al,2015,-28.7,113.8,Acropora,th15,th15,TRUE,Abrolhos <-> Abrolhos,Microsatellite,Medium
th15P3,th15W1,0.022,n,Abrolhos,broadcast,Acropora spicifera,Thomas et al,2015,-28.7,113.8,Acropora,th15,Abrolhos,broadcast,Acropora spicifera,Thomas et al,2015,-28.7,113.8,Acropora,th15,th15,TRUE,Abrolhos <-> Abrolhos,Microsatellite,Medium
th15P3,th15W2,0.026,n,Abrolhos,broadcast,Acropora spicifera,Thomas et al,2015,-28.7,113.8,Acropora,th15,Abrolhos,broadcast,Acropora spicifera,Thomas et al,2015,-28.7,113.8,Acropora,th15,th15,TRUE,Abrolhos <-> Abrolhos,Microsatellite,Medium
th15P3,th15W3,0.022,n,Abrolhos,broadcast,Acropora spicifera,Thomas et al,2015,-28.7,113.8,Acropora,th15,Abrolhos,broadcast,Acropora spicifera,Thomas et al,2015,-28.7,113.8,Acropora,th15,th15,TRUE,Abrolhos <-> Abrolhos,Microsatellite,Medium
th15P3,th15W4,0.039,y,Abrolhos,broadcast,Acropora spicifera,Thomas et al,2015,-28.7,113.8,Acropora,th15,Abrolhos,broadcast,Acropora spicifera,Thomas et al,2015,-28.7,113.8,Acropora,th15,th15,TRUE,Abrolhos <-> Abrolhos,Microsatellite,Medium
th15P3,th15W5,0.024,n,Abrolhos,broadcast,Acropora spicifera,Thomas et al,2015,-28.7,113.8,Acropora,th15,Abrolhos,broadcast,Acropora spicifera,Thomas et al,2015,-28.7,113.8,Acropora,th15,th15,TRUE,Abrolhos <-> Abrolhos,Microsatellite,Medium
th15P4,th15P5,0.048,y,Abrolhos,broadcast,Acropora spicifera,Thomas et al,2015,-28.7,113.8,Acropora,th15,Abrolhos,broadcast,Acropora spicifera,Thomas et al,2015,-28.7,113.8,Acropora,th15,th15,TRUE,Abrolhos <-> Abrolhos,Microsatellite,Medium
th15P4,th15E1,0.031,n,Abrolhos,broadcast,Acropora spicifera,Thomas et al,2015,-28.7,113.8,Acropora,th15,Abrolhos,broadcast,Acropora spicifera,Thomas et al,2015,-28.7,113.8,Acropora,th15,th15,TRUE,Abrolhos <-> Abrolhos,Microsatellite,Medium
th15P4,th15E2,0.036,y,Abrolhos,broadcast,Acropora spicifera,Thomas et al,2015,-28.7,113.8,Acropora,th15,Abrolhos,broadcast,Acropora spicifera,Thomas et al,2015,-28.7,113.8,Acropora,th15,th15,TRUE,Abrolhos <-> Abrolhos,Microsatellite,Medium
th15P4,th15E3,0.042,y,Abrolhos,broadcast,Acropora spicifera,Thomas et al,2015,-28.7,113.8,Acropora,th15,Abrolhos,broadcast,Acropora spicifera,Thomas et al,2015,-28.7,113.8,Acropora,th15,th15,TRUE,Abrolhos <-> Abrolhos,Microsatellite,Medium
th15P4,th15E4,0.04,y,Abrolhos,broadcast,Acropora spicifera,Thomas et al,2015,-28.7,113.8,Acropora,th15,Abrolhos,broadcast,Acropora spicifera,Thomas et al,2015,-28.7,113.8,Acropora,th15,th15,TRUE,Abrolhos <-> Abrolhos,Microsatellite,Medium
th15P4,th15E5,0.036,y,Abrolhos,broadcast,Acropora spicifera,Thomas et al,2015,-28.7,113.8,Acropora,th15,Abrolhos,broadcast,Acropora spicifera,Thomas et al,2015,-28.7,113.8,Acropora,th15,th15,TRUE,Abrolhos <-> Abrolhos,Microsatellite,Medium
th15P4,th15W1,0.028,n,Abrolhos,broadcast,Acropora spicifera,Thomas et al,2015,-28.7,113.8,Acropora,th15,Abrolhos,broadcast,Acropora spicifera,Thomas et al,2015,-28.7,113.8,Acropora,th15,th15,TRUE,Abrolhos <-> Abrolhos,Microsatellite,Medium
th15P4,th15W2,0.039,n,Abrolhos,broadcast,Acropora spicifera,Thomas et al,2015,-28.7,113.8,Acropora,th15,Abrolhos,broadcast,Acropora spicifera,Thomas et al,2015,-28.7,113.8,Acropora,th15,th15,TRUE,Abrolhos <-> Abrolhos,Microsatellite,Medium
th15P4,th15W3,0.034,y,Abrolhos,broadcast,Acropora spicifera,Thomas et al,2015,-28.7,113.8,Acropora,th15,Abrolhos,broadcast,Acropora spicifera,Thomas et al,2015,-28.7,113.8,Acropora,th15,th15,TRUE,Abrolhos <-> Abrolhos,Microsatellite,Medium
th15P4,th15W4,0.045,y,Abrolhos,broadcast,Acropora spicifera,Thomas et al,2015,-28.7,113.8,Acropora,th15,Abrolhos,broadcast,Acropora spicifera,Thomas et al,2015,-28.7,113.8,Acropora,th15,th15,TRUE,Abrolhos <-> Abrolhos,Microsatellite,Medium
th15P4,th15W5,0.032,n,Abrolhos,broadcast,Acropora spicifera,Thomas et al,2015,-28.7,113.8,Acropora,th15,Abrolhos,broadcast,Acropora spicifera,Thomas et al,2015,-28.7,113.8,Acropora,th15,th15,TRUE,Abrolhos <-> Abrolhos,Microsatellite,Medium
th15P5,th15E1,0.027,n,Abrolhos,broadcast,Acropora spicifera,Thomas et al,2015,-28.7,113.8,Acropora,th15,Abrolhos,broadcast,Acropora spicifera,Thomas et al,2015,-28.7,113.8,Acropora,th15,th15,TRUE,Abrolhos <-> Abrolhos,Microsatellite,Medium
th15P5,th15E2,0.02,n,Abrolhos,broadcast,Acropora spicifera,Thomas et al,2015,-28.7,113.8,Acropora,th15,Abrolhos,broadcast,Acropora spicifera,Thomas et al,2015,-28.7,113.8,Acropora,th15,th15,TRUE,Abrolhos <-> Abrolhos,Microsatellite,Medium
th15P5,th15E3,0.031,n,Abrolhos,broadcast,Acropora spicifera,Thomas et al,2015,-28.7,113.8,Acropora,th15,Abrolhos,broadcast,Acropora spicifera,Thomas et al,2015,-28.7,113.8,Acropora,th15,th15,TRUE,Abrolhos <-> Abrolhos,Microsatellite,Medium
th15P5,th15E4,0.031,n,Abrolhos,broadcast,Acropora spicifera,Thomas et al,2015,-28.7,113.8,Acropora,th15,Abrolhos,broadcast,Acropora spicifera,Thomas et al,2015,-28.7,113.8,Acropora,th15,th15,TRUE,Abrolhos <-> Abrolhos,Microsatellite,Medium
th15P5,th15E5,0.028,n,Abrolhos,broadcast,Acropora spicifera,Thomas et al,2015,-28.7,113.8,Acropora,th15,Abrolhos,broadcast,Acropora spicifera,Thomas et al,2015,-28.7,113.8,Acropora,th15,th15,TRUE,Abrolhos <-> Abrolhos,Microsatellite,Medium
th15P5,th15W1,0.027,n,Abrolhos,broadcast,Acropora spicifera,Thomas et al,2015,-28.7,113.8,Acropora,th15,Abrolhos,broadcast,Acropora spicifera,Thomas et al,2015,-28.7,113.8,Acropora,th15,th15,TRUE,Abrolhos <-> Abrolhos,Microsatellite,Medium
th15P5,th15W2,0.027,n,Abrolhos,broadcast,Acropora spicifera,Thomas et al,2015,-28.7,113.8,Acropora,th15,Abrolhos,broadcast,Acropora spicifera,Thomas et al,2015,-28.7,113.8,Acropora,th15,th15,TRUE,Abrolhos <-> Abrolhos,Microsatellite,Medium
th15P5,th15W3,0.032,y,Abrolhos,broadcast,Acropora spicifera,Thomas et al,2015,-28.7,113.8,Acropora,th15,Abrolhos,broadcast,Acropora spicifera,Thomas et al,2015,-28.7,113.8,Acropora,th15,th15,TRUE,Abrolhos <-> Abrolhos,Microsatellite,Medium
th15P5,th15W4,0.03,n,Abrolhos,broadcast,Acropora spicifera,Thomas et al,2015,-28.7,113.8,Acropora,th15,Abrolhos,broadcast,Acropora spicifera,Thomas et al,2015,-28.7,113.8,Acropora,th15,th15,TRUE,Abrolhos <-> Abrolhos,Microsatellite,Medium
th15P5,th15W5,0.016,n,Abrolhos,broadcast,Acropora spicifera,Thomas et al,2015,-28.7,113.8,Acropora,th15,Abrolhos,broadcast,Acropora spicifera,Thomas et al,2015,-28.7,113.8,Acropora,th15,th15,TRUE,Abrolhos <-> Abrolhos,Microsatellite,Medium
th15E1,th15E2,0.01,n,Abrolhos,broadcast,Acropora spicifera,Thomas et al,2015,-28.7,113.8,Acropora,th15,Abrolhos,broadcast,Acropora spicifera,Thomas et al,2015,-28.7,113.8,Acropora,th15,th15,TRUE,Abrolhos <-> Abrolhos,Microsatellite,Medium
th15E1,th15E3,0.015,n,Abrolhos,broadcast,Acropora spicifera,Thomas et al,2015,-28.7,113.8,Acropora,th15,Abrolhos,broadcast,Acropora spicifera,Thomas et al,2015,-28.7,113.8,Acropora,th15,th15,TRUE,Abrolhos <-> Abrolhos,Microsatellite,Medium
th15E1,th15E4,0.014,n,Abrolhos,broadcast,Acropora spicifera,Thomas et al,2015,-28.7,113.8,Acropora,th15,Abrolhos,broadcast,Acropora spicifera,Thomas et al,2015,-28.7,113.8,Acropora,th15,th15,TRUE,Abrolhos <-> Abrolhos,Microsatellite,Medium
th15E1,th15E5,0.01,n,Abrolhos,broadcast,Acropora spicifera,Thomas et al,2015,-28.7,113.8,Acropora,th15,Abrolhos,broadcast,Acropora spicifera,Thomas et al,2015,-28.7,113.8,Acropora,th15,th15,TRUE,Abrolhos <-> Abrolhos,Microsatellite,Medium
th15E1,th15W1,0.008,n,Abrolhos,broadcast,Acropora spicifera,Thomas et al,2015,-28.7,113.8,Acropora,th15,Abrolhos,broadcast,Acropora spicifera,Thomas et al,2015,-28.7,113.8,Acropora,th15,th15,TRUE,Abrolhos <-> Abrolhos,Microsatellite,Medium
th15E1,th15W2,0.014,n,Abrolhos,broadcast,Acropora spicifera,Thomas et al,2015,-28.7,113.8,Acropora,th15,Abrolhos,broadcast,Acropora spicifera,Thomas et al,2015,-28.7,113.8,Acropora,th15,th15,TRUE,Abrolhos <-> Abrolhos,Microsatellite,Medium
th15E1,th15W3,0.014,n,Abrolhos,broadcast,Acropora spicifera,Thomas et al,2015,-28.7,113.8,Acropora,th15,Abrolhos,broadcast,Acropora spicifera,Thomas et al,2015,-28.7,113.8,Acropora,th15,th15,TRUE,Abrolhos <-> Abrolhos,Microsatellite,Medium
th15E1,th15W4,0.013,n,Abrolhos,broadcast,Acropora spicifera,Thomas et al,2015,-28.7,113.8,Acropora,th15,Abrolhos,broadcast,Acropora spicifera,Thomas et al,2015,-28.7,113.8,Acropora,th15,th15,TRUE,Abrolhos <-> Abrolhos,Microsatellite,Medium
th15E1,th15W5,0.01,n,Abrolhos,broadcast,Acropora spicifera,Thomas et al,2015,-28.7,113.8,Acropora,th15,Abrolhos,broadcast,Acropora spicifera,Thomas et al,2015,-28.7,113.8,Acropora,th15,th15,TRUE,Abrolhos <-> Abrolhos,Microsatellite,Medium
th15E2,th15E3,0.009,n,Abrolhos,broadcast,Acropora spicifera,Thomas et al,2015,-28.7,113.8,Acropora,th15,Abrolhos,broadcast,Acropora spicifera,Thomas et al,2015,-28.7,113.8,Acropora,th15,th15,TRUE,Abrolhos <-> Abrolhos,Microsatellite,Medium
th15E2,th15E4,0.008,n,Abrolhos,broadcast,Acropora spicifera,Thomas et al,2015,-28.7,113.8,Acropora,th15,Abrolhos,broadcast,Acropora spicifera,Thomas et al,2015,-28.7,113.8,Acropora,th15,th15,TRUE,Abrolhos <-> Abrolhos,Microsatellite,Medium
th15E2,th15E5,0.012,n,Abrolhos,broadcast,Acropora spicifera,Thomas et al,2015,-28.7,113.8,Acropora,th15,Abrolhos,broadcast,Acropora spicifera,Thomas et al,2015,-28.7,113.8,Acropora,th15,th15,TRUE,Abrolhos <-> Abrolhos,Microsatellite,Medium
th15E2,th15W1,0.007,n,Abrolhos,broadcast,Acropora spicifera,Thomas et al,2015,-28.7,113.8,Acropora,th15,Abrolhos,broadcast,Acropora spicifera,Thomas et al,2015,-28.7,113.8,Acropora,th15,th15,TRUE,Abrolhos <-> Abrolhos,Microsatellite,Medium
th15E2,th15W2,0.013,n,Abrolhos,broadcast,Acropora spicifera,Thomas et al,2015,-28.7,113.8,Acropora,th15,Abrolhos,broadcast,Acropora spicifera,Thomas et al,2015,-28.7,113.8,Acropora,th15,th15,TRUE,Abrolhos <-> Abrolhos,Microsatellite,Medium
th15E2,th15W3,0.012,n,Abrolhos,broadcast,Acropora spicifera,Thomas et al,2015,-28.7,113.8,Acropora,th15,Abrolhos,broadcast,Acropora spicifera,Thomas et al,2015,-28.7,113.8,Acropora,th15,th15,TRUE,Abrolhos <-> Abrolhos,Microsatellite,Medium
th15E2,th15W4,0.011,n,Abrolhos,broadcast,Acropora spicifera,Thomas et al,2015,-28.7,113.8,Acropora,th15,Abrolhos,broadcast,Acropora spicifera,Thomas et al,2015,-28.7,113.8,Acropora,th15,th15,TRUE,Abrolhos <-> Abrolhos,Microsatellite,Medium
th15E2,th15W5,0.011,n,Abrolhos,broadcast,Acropora spicifera,Thomas et al,2015,-28.7,113.8,Acropora,th15,Abrolhos,broadcast,Acropora spicifera,Thomas et al,2015,-28.7,113.8,Acropora,th15,th15,TRUE,Abrolhos <-> Abrolhos,Microsatellite,Medium
th15E3,th15E4,0.008,n,Abrolhos,broadcast,Acropora spicifera,Thomas et al,2015,-28.7,113.8,Acropora,th15,Abrolhos,broadcast,Acropora spicifera,Thomas et al,2015,-28.7,113.8,Acropora,th15,th15,TRUE,Abrolhos <-> Abrolhos,Microsatellite,Medium
th15E3,th15E5,0.012,n,Abrolhos,broadcast,Acropora spicifera,Thomas et al,2015,-28.7,113.8,Acropora,th15,Abrolhos,broadcast,Acropora spicifera,Thomas et al,2015,-28.7,113.8,Acropora,th15,th15,TRUE,Abrolhos <-> Abrolhos,Microsatellite,Medium
th15E3,th15W1,0.008,n,Abrolhos,broadcast,Acropora spicifera,Thomas et al,2015,-28.7,113.8,Acropora,th15,Abrolhos,broadcast,Acropora spicifera,Thomas et al,2015,-28.7,113.8,Acropora,th15,th15,TRUE,Abrolhos <-> Abrolhos,Microsatellite,Medium
th15E3,th15W2,0.016,n,Abrolhos,broadcast,Acropora spicifera,Thomas et al,2015,-28.7,113.8,Acropora,th15,Abrolhos,broadcast,Acropora spicifera,Thomas et al,2015,-28.7,113.8,Acropora,th15,th15,TRUE,Abrolhos <-> Abrolhos,Microsatellite,Medium
th15E3,th15W3,0.01,n,Abrolhos,broadcast,Acropora spicifera,Thomas et al,2015,-28.7,113.8,Acropora,th15,Abrolhos,broadcast,Acropora spicifera,Thomas et al,2015,-28.7,113.8,Acropora,th15,th15,TRUE,Abrolhos <-> Abrolhos,Microsatellite,Medium
th15E3,th15W4,0.015,n,Abrolhos,broadcast,Acropora spicifera,Thomas et al,2015,-28.7,113.8,Acropora,th15,Abrolhos,broadcast,Acropora spicifera,Thomas et al,2015,-28.7,113.8,Acropora,th15,th15,TRUE,Abrolhos <-> Abrolhos,Microsatellite,Medium
th15E3,th15W5,0.015,n,Abrolhos,broadcast,Acropora spicifera,Thomas et al,2015,-28.7,113.8,Acropora,th15,Abrolhos,broadcast,Acropora spicifera,Thomas et al,2015,-28.7,113.8,Acropora,th15,th15,TRUE,Abrolhos <-> Abrolhos,Microsatellite,Medium
th15E4,th15E5,0.015,n,Abrolhos,broadcast,Acropora spicifera,Thomas et al,2015,-28.7,113.8,Acropora,th15,Abrolhos,broadcast,Acropora spicifera,Thomas et al,2015,-28.7,113.8,Acropora,th15,th15,TRUE,Abrolhos <-> Abrolhos,Microsatellite,Medium
th15E4,th15W1,0.008,n,Abrolhos,broadcast,Acropora spicifera,Thomas et al,2015,-28.7,113.8,Acropora,th15,Abrolhos,broadcast,Acropora spicifera,Thomas et al,2015,-28.7,113.8,Acropora,th15,th15,TRUE,Abrolhos <-> Abrolhos,Microsatellite,Medium
th15E4,th15W2,0.016,n,Abrolhos,broadcast,Acropora spicifera,Thomas et al,2015,-28.7,113.8,Acropora,th15,Abrolhos,broadcast,Acropora spicifera,Thomas et al,2015,-28.7,113.8,Acropora,th15,th15,TRUE,Abrolhos <-> Abrolhos,Microsatellite,Medium
th15E4,th15W3,0.008,n,Abrolhos,broadcast,Acropora spicifera,Thomas et al,2015,-28.7,113.8,Acropora,th15,Abrolhos,broadcast,Acropora spicifera,Thomas et al,2015,-28.7,113.8,Acropora,th15,th15,TRUE,Abrolhos <-> Abrolhos,Microsatellite,Medium
th15E4,th15W4,0.015,n,Abrolhos,broadcast,Acropora spicifera,Thomas et al,2015,-28.7,113.8,Acropora,th15,Abrolhos,broadcast,Acropora spicifera,Thomas et al,2015,-28.7,113.8,Acropora,th15,th15,TRUE,Abrolhos <-> Abrolhos,Microsatellite,Medium
th15E4,th15W5,0.014,n,Abrolhos,broadcast,Acropora spicifera,Thomas et al,2015,-28.7,113.8,Acropora,th15,Abrolhos,broadcast,Acropora spicifera,Thomas et al,2015,-28.7,113.8,Acropora,th15,th15,TRUE,Abrolhos <-> Abrolhos,Microsatellite,Medium
th15E5,th15W1,0.009,n,Abrolhos,broadcast,Acropora spicifera,Thomas et al,2015,-28.7,113.8,Acropora,th15,Abrolhos,broadcast,Acropora spicifera,Thomas et al,2015,-28.7,113.8,Acropora,th15,th15,TRUE,Abrolhos <-> Abrolhos,Microsatellite,Medium
th15E5,th15W2,0.015,n,Abrolhos,broadcast,Acropora spicifera,Thomas et al,2015,-28.7,113.8,Acropora,th15,Abrolhos,broadcast,Acropora spicifera,Thomas et al,2015,-28.7,113.8,Acropora,th15,th15,TRUE,Abrolhos <-> Abrolhos,Microsatellite,Medium
th15E5,th15W3,0.014,n,Abrolhos,broadcast,Acropora spicifera,Thomas et al,2015,-28.7,113.8,Acropora,th15,Abrolhos,broadcast,Acropora spicifera,Thomas et al,2015,-28.7,113.8,Acropora,th15,th15,TRUE,Abrolhos <-> Abrolhos,Microsatellite,Medium
th15E5,th15W4,0.013,n,Abrolhos,broadcast,Acropora spicifera,Thomas et al,2015,-28.7,113.8,Acropora,th15,Abrolhos,broadcast,Acropora spicifera,Thomas et al,2015,-28.7,113.8,Acropora,th15,th15,TRUE,Abrolhos <-> Abrolhos,Microsatellite,Medium
th15E5,th15W5,0.013,n,Abrolhos,broadcast,Acropora spicifera,Thomas et al,2015,-28.7,113.8,Acropora,th15,Abrolhos,broadcast,Acropora spicifera,Thomas et al,2015,-28.7,113.8,Acropora,th15,th15,TRUE,Abrolhos <-> Abrolhos,Microsatellite,Medium
th15W1,th15W2,0.016,n,Abrolhos,broadcast,Acropora spicifera,Thomas et al,2015,-28.7,113.8,Acropora,th15,Abrolhos,broadcast,Acropora spicifera,Thomas et al,2015,-28.7,113.8,Acropora,th15,th15,TRUE,Abrolhos <-> Abrolhos,Microsatellite,Medium
th15W1,th15W3,0.008,n,Abrolhos,broadcast,Acropora spicifera,Thomas et al,2015,-28.7,113.8,Acropora,th15,Abrolhos,broadcast,Acropora spicifera,Thomas et al,2015,-28.7,113.8,Acropora,th15,th15,TRUE,Abrolhos <-> Abrolhos,Microsatellite,Medium
th15W1,th15W4,0.012,n,Abrolhos,broadcast,Acropora spicifera,Thomas et al,2015,-28.7,113.8,Acropora,th15,Abrolhos,broadcast,Acropora spicifera,Thomas et al,2015,-28.7,113.8,Acropora,th15,th15,TRUE,Abrolhos <-> Abrolhos,Microsatellite,Medium
th15W1,th15W5,0.01,n,Abrolhos,broadcast,Acropora spicifera,Thomas et al,2015,-28.7,113.8,Acropora,th15,Abrolhos,broadcast,Acropora spicifera,Thomas et al,2015,-28.7,113.8,Acropora,th15,th15,TRUE,Abrolhos <-> Abrolhos,Microsatellite,Medium
th15W2,th15W3,0.016,n,Abrolhos,broadcast,Acropora spicifera,Thomas et al,2015,-28.7,113.8,Acropora,th15,Abrolhos,broadcast,Acropora spicifera,Thomas et al,2015,-28.7,113.8,Acropora,th15,th15,TRUE,Abrolhos <-> Abrolhos,Microsatellite,Medium
th15W2,th15W4,0.017,n,Abrolhos,broadcast,Acropora spicifera,Thomas et al,2015,-28.7,113.8,Acropora,th15,Abrolhos,broadcast,Acropora spicifera,Thomas et al,2015,-28.7,113.8,Acropora,th15,th15,TRUE,Abrolhos <-> Abrolhos,Microsatellite,Medium
th15W2,th15W5,0.014,n,Abrolhos,broadcast,Acropora spicifera,Thomas et al,2015,-28.7,113.8,Acropora,th15,Abrolhos,broadcast,Acropora spicifera,Thomas et al,2015,-28.7,113.8,Acropora,th15,th15,TRUE,Abrolhos <-> Abrolhos,Microsatellite,Medium
th15W3,th15W4,0.017,n,Abrolhos,broadcast,Acropora spicifera,Thomas et al,2015,-28.7,113.8,Acropora,th15,Abrolhos,broadcast,Acropora spicifera,Thomas et al,2015,-28.7,113.8,Acropora,th15,th15,TRUE,Abrolhos <-> Abrolhos,Microsatellite,Medium
th15W3,th15W5,0.015,n,Abrolhos,broadcast,Acropora spicifera,Thomas et al,2015,-28.7,113.8,Acropora,th15,Abrolhos,broadcast,Acropora spicifera,Thomas et al,2015,-28.7,113.8,Acropora,th15,th15,TRUE,Abrolhos <-> Abrolhos,Microsatellite,Medium
th15W4,th15W5,0.013,n,Abrolhos,broadcast,Acropora spicifera,Thomas et al,2015,-28.7,113.8,Acropora,th15,Abrolhos,broadcast,Acropora spicifera,Thomas et al,2015,-28.7,113.8,Acropora,th15,th15,TRUE,Abrolhos <-> Abrolhos,Microsatellite,Medium
ro20Sp,ro20Wa,0.14,y,Timor Sea,broadcast,Acropora tenuis,Rosser et al,2020,-5.0474,119.3243,Acropora,ro20,Timor Sea,broadcast,Acropora tenuis,Rosser et al,2020,-5.2675,123.5178,Acropora,ro20,ro20,TRUE,Timor Sea <-> Timor Sea,Microsatellite,Medium
ro20Sp,ro20Al,0.14,y,Timor Sea,broadcast,Acropora tenuis,Rosser et al,2020,-5.0474,119.3243,Acropora,ro20,Timor Sea,broadcast,Acropora tenuis,Rosser et al,2020,-8.2679,124.4009,Acropora,ro20,ro20,TRUE,Timor Sea <-> Timor Sea,Microsatellite,Medium
ro20Sp,ro20Rot,0.12,y,Timor Sea,broadcast,Acropora tenuis,Rosser et al,2020,-5.0474,119.3243,Acropora,ro20,Timor Sea,broadcast,Acropora tenuis,Rosser et al,2020,-10.838,122.7308,Acropora,ro20,ro20,TRUE,Timor Sea <-> Timor Sea,Microsatellite,Medium
ro20Wa,ro20Al,0.05,y,Timor Sea,broadcast,Acropora tenuis,Rosser et al,2020,-5.2675,123.5178,Acropora,ro20,Timor Sea,broadcast,Acropora tenuis,Rosser et al,2020,-8.2679,124.4009,Acropora,ro20,ro20,TRUE,Timor Sea <-> Timor Sea,Microsatellite,Medium
ro20Wa,ro20Rot,0.01,y,Timor Sea,broadcast,Acropora tenuis,Rosser et al,2020,-5.2675,123.5178,Acropora,ro20,Timor Sea,broadcast,Acropora tenuis,Rosser et al,2020,-10.838,122.7308,Acropora,ro20,ro20,TRUE,Timor Sea <-> Timor Sea,Microsatellite,Medium
ro20Al,ro20Rot,0.02,y,Timor Sea,broadcast,Acropora tenuis,Rosser et al,2020,-8.2679,124.4009,Acropora,ro20,Timor Sea,broadcast,Acropora tenuis,Rosser et al,2020,-10.838,122.7308,Acropora,ro20,ro20,TRUE,Timor Sea <-> Timor Sea,Microsatellite,Medium
ev21PI,ev21O,0.007,y,Pilbara nearshore,broadcast,Turbinaria reniformis,Evans et al,2021,-21.103,115.779,Turbinaria,ev21,Pilbara nearshore,broadcast,Turbinaria reniformis,Evans et al,2021,-21.452,115.034,Turbinaria,ev21,ev21,TRUE,Pilbara nearshore <-> Pilbara nearshore,Mixed,High
du26NM,du26SM,0.005,y,Pilbara Offshore,broadcast,Acropora tenuis,Duffy et al,2026,-21.64,114.387,Acropora,du26,Pilbara Offshore,broadcast,Acropora tenuis,Duffy et al,2026,-21.675,114.35,Acropora,du26,du26,TRUE,Pilbara Offshore <-> Pilbara Offshore,SNP,High
du26NB,du26SB,0,n,Exmouth Gulf,broadcast,Acropora tenuis,Duffy et al,2026,-21.834,114.179,Acropora,du26,Exmouth Gulf,broadcast,Acropora tenuis,Duffy et al,2026,-21.85,114.17,Acropora,du26,du26,TRUE,Exmouth Gulf <-> Exmouth Gulf,SNP,High
du26ta,du26ma,0,n,Ningaloo,broadcast,Acropora tenuis,Duffy et al,2026,-21.916,113.957,Acropora,du26,Ningaloo,broadcast,Acropora tenuis,Duffy et al,2026,-21.944,113.939,Acropora,du26,du26,TRUE,Ningaloo <-> Ningaloo,SNP,High
du26ta,du26la,0.002,n,Ningaloo,broadcast,Acropora tenuis,Duffy et al,2026,-21.916,113.957,Acropora,du26,Ningaloo,broadcast,Acropora tenuis,Duffy et al,2026,-22.035,113.901,Acropora,du26,du26,TRUE,Ningaloo <-> Ningaloo,SNP,High
du26ta,du26pi,0,n,Ningaloo,broadcast,Acropora tenuis,Duffy et al,2026,-21.916,113.957,Acropora,du26,Ningaloo,broadcast,Acropora tenuis,Duffy et al,2026,-22.174,113.855,Acropora,du26,du26,TRUE,Ningaloo <-> Ningaloo,SNP,High
du26ta,du26YC,0,n,Ningaloo,broadcast,Acropora tenuis,Duffy et al,2026,-21.916,113.957,Acropora,du26,Ningaloo,broadcast,Acropora tenuis,Duffy et al,2026,-22.292,113.808,Acropora,du26,du26,TRUE,Ningaloo <-> Ningaloo,SNP,High
du26ta,du26SY,0,n,Ningaloo,broadcast,Acropora tenuis,Duffy et al,2026,-21.916,113.957,Acropora,du26,Ningaloo,broadcast,Acropora tenuis,Duffy et al,2026,-22.362,113.763,Acropora,du26,du26,TRUE,Ningaloo <-> Ningaloo,SNP,High
du26ta,du26PC,0,n,Ningaloo,broadcast,Acropora tenuis,Duffy et al,2026,-21.916,113.957,Acropora,du26,Ningaloo,broadcast,Acropora tenuis,Duffy et al,2026,-22.696,113.65,Acropora,du26,du26,TRUE,Ningaloo <-> Ningaloo,SNP,High
du26ta,du26NR,0.002,n,Ningaloo,broadcast,Acropora tenuis,Duffy et al,2026,-21.916,113.957,Acropora,du26,Ningaloo,broadcast,Acropora tenuis,Duffy et al,2026,-23.023,113.781,Acropora,du26,du26,TRUE,Ningaloo <-> Ningaloo,SNP,High
du26ta,du26SCB,0.003,n,Ningaloo,broadcast,Acropora tenuis,Duffy et al,2026,-21.916,113.957,Acropora,du26,Ningaloo,broadcast,Acropora tenuis,Duffy et al,2026,-23.217,113.765,Acropora,du26,du26,TRUE,Ningaloo <-> Ningaloo,SNP,High
du26ta,du26gn,0.006,y,Ningaloo,broadcast,Acropora tenuis,Duffy et al,2026,-21.916,113.957,Acropora,du26,Ningaloo,broadcast,Acropora tenuis,Duffy et al,2026,-23.765,113.546,Acropora,du26,du26,TRUE,Ningaloo <-> Ningaloo,SNP,High
du26ma,du26la,0.001,n,Ningaloo,broadcast,Acropora tenuis,Duffy et al,2026,-21.944,113.939,Acropora,du26,Ningaloo,broadcast,Acropora tenuis,Duffy et al,2026,-22.035,113.901,Acropora,du26,du26,TRUE,Ningaloo <-> Ningaloo,SNP,High
du26ma,du26pi,0.003,n,Ningaloo,broadcast,Acropora tenuis,Duffy et al,2026,-21.944,113.939,Acropora,du26,Ningaloo,broadcast,Acropora tenuis,Duffy et al,2026,-22.174,113.855,Acropora,du26,du26,TRUE,Ningaloo <-> Ningaloo,SNP,High
du26ma,du26YC,0,n,Ningaloo,broadcast,Acropora tenuis,Duffy et al,2026,-21.944,113.939,Acropora,du26,Ningaloo,broadcast,Acropora tenuis,Duffy et al,2026,-22.292,113.808,Acropora,du26,du26,TRUE,Ningaloo <-> Ningaloo,SNP,High
du26ma,du26SY,0,n,Ningaloo,broadcast,Acropora tenuis,Duffy et al,2026,-21.944,113.939,Acropora,du26,Ningaloo,broadcast,Acropora tenuis,Duffy et al,2026,-22.362,113.763,Acropora,du26,du26,TRUE,Ningaloo <-> Ningaloo,SNP,High
du26ma,du26PC,0.002,n,Ningaloo,broadcast,Acropora tenuis,Duffy et al,2026,-21.944,113.939,Acropora,du26,Ningaloo,broadcast,Acropora tenuis,Duffy et al,2026,-22.696,113.65,Acropora,du26,du26,TRUE,Ningaloo <-> Ningaloo,SNP,High
du26ma,du26NR,0.004,y,Ningaloo,broadcast,Acropora tenuis,Duffy et al,2026,-21.944,113.939,Acropora,du26,Ningaloo,broadcast,Acropora tenuis,Duffy et al,2026,-23.023,113.781,Acropora,du26,du26,TRUE,Ningaloo <-> Ningaloo,SNP,High
du26ma,du26SCB,0.008,y,Ningaloo,broadcast,Acropora tenuis,Duffy et al,2026,-21.944,113.939,Acropora,du26,Ningaloo,broadcast,Acropora tenuis,Duffy et al,2026,-23.217,113.765,Acropora,du26,du26,TRUE,Ningaloo <-> Ningaloo,SNP,High
du26ma,du26gn,0.006,y,Ningaloo,broadcast,Acropora tenuis,Duffy et al,2026,-21.944,113.939,Acropora,du26,Ningaloo,broadcast,Acropora tenuis,Duffy et al,2026,-23.765,113.546,Acropora,du26,du26,TRUE,Ningaloo <-> Ningaloo,SNP,High
du26la,du26pi,0.001,n,Ningaloo,broadcast,Acropora tenuis,Duffy et al,2026,-22.035,113.901,Acropora,du26,Ningaloo,broadcast,Acropora tenuis,Duffy et al,2026,-22.174,113.855,Acropora,du26,du26,TRUE,Ningaloo <-> Ningaloo,SNP,High
du26la,du26YC,0.002,n,Ningaloo,broadcast,Acropora tenuis,Duffy et al,2026,-22.035,113.901,Acropora,du26,Ningaloo,broadcast,Acropora tenuis,Duffy et al,2026,-22.292,113.808,Acropora,du26,du26,TRUE,Ningaloo <-> Ningaloo,SNP,High
du26la,du26SY,0.002,n,Ningaloo,broadcast,Acropora tenuis,Duffy et al,2026,-22.035,113.901,Acropora,du26,Ningaloo,broadcast,Acropora tenuis,Duffy et al,2026,-22.362,113.763,Acropora,du26,du26,TRUE,Ningaloo <-> Ningaloo,SNP,High
du26la,du26PC,0.003,n,Ningaloo,broadcast,Acropora tenuis,Duffy et al,2026,-22.035,113.901,Acropora,du26,Ningaloo,broadcast,Acropora tenuis,Duffy et al,2026,-22.696,113.65,Acropora,du26,du26,TRUE,Ningaloo <-> Ningaloo,SNP,High
du26la,du26NR,0.005,y,Ningaloo,broadcast,Acropora tenuis,Duffy et al,2026,-22.035,113.901,Acropora,du26,Ningaloo,broadcast,Acropora tenuis,Duffy et al,2026,-23.023,113.781,Acropora,du26,du26,TRUE,Ningaloo <-> Ningaloo,SNP,High
du26la,du26SCB,0.004,y,Ningaloo,broadcast,Acropora tenuis,Duffy et al,2026,-22.035,113.901,Acropora,du26,Ningaloo,broadcast,Acropora tenuis,Duffy et al,2026,-23.217,113.765,Acropora,du26,du26,TRUE,Ningaloo <-> Ningaloo,SNP,High
du26la,du26gn,0.008,y,Ningaloo,broadcast,Acropora tenuis,Duffy et al,2026,-22.035,113.901,Acropora,du26,Ningaloo,broadcast,Acropora tenuis,Duffy et al,2026,-23.765,113.546,Acropora,du26,du26,TRUE,Ningaloo <-> Ningaloo,SNP,High
du26pi,du26YC,0,n,Ningaloo,broadcast,Acropora tenuis,Duffy et al,2026,-22.174,113.855,Acropora,du26,Ningaloo,broadcast,Acropora tenuis,Duffy et al,2026,-22.292,113.808,Acropora,du26,du26,TRUE,Ningaloo <-> Ningaloo,SNP,High
du26pi,du26SY,0,n,Ningaloo,broadcast,Acropora tenuis,Duffy et al,2026,-22.174,113.855,Acropora,du26,Ningaloo,broadcast,Acropora tenuis,Duffy et al,2026,-22.362,113.763,Acropora,du26,du26,TRUE,Ningaloo <-> Ningaloo,SNP,High
du26pi,du26PC,0.005,y,Ningaloo,broadcast,Acropora tenuis,Duffy et al,2026,-22.174,113.855,Acropora,du26,Ningaloo,broadcast,Acropora tenuis,Duffy et al,2026,-22.696,113.65,Acropora,du26,du26,TRUE,Ningaloo <-> Ningaloo,SNP,High
du26pi,du26NR,0.009,y,Ningaloo,broadcast,Acropora tenuis,Duffy et al,2026,-22.174,113.855,Acropora,du26,Ningaloo,broadcast,Acropora tenuis,Duffy et al,2026,-23.023,113.781,Acropora,du26,du26,TRUE,Ningaloo <-> Ningaloo,SNP,High
du26pi,du26SCB,0.007,y,Ningaloo,broadcast,Acropora tenuis,Duffy et al,2026,-22.174,113.855,Acropora,du26,Ningaloo,broadcast,Acropora tenuis,Duffy et al,2026,-23.217,113.765,Acropora,du26,du26,TRUE,Ningaloo <-> Ningaloo,SNP,High
du26pi,du26gn,0.011,y,Ningaloo,broadcast,Acropora tenuis,Duffy et al,2026,-22.174,113.855,Acropora,du26,Ningaloo,broadcast,Acropora tenuis,Duffy et al,2026,-23.765,113.546,Acropora,du26,du26,TRUE,Ningaloo <-> Ningaloo,SNP,High
du26YC,du26SY,0,n,Ningaloo,broadcast,Acropora tenuis,Duffy et al,2026,-22.292,113.808,Acropora,du26,Ningaloo,broadcast,Acropora tenuis,Duffy et al,2026,-22.362,113.763,Acropora,du26,du26,TRUE,Ningaloo <-> Ningaloo,SNP,High
du26YC,du26PC,0,n,Ningaloo,broadcast,Acropora tenuis,Duffy et al,2026,-22.292,113.808,Acropora,du26,Ningaloo,broadcast,Acropora tenuis,Duffy et al,2026,-22.696,113.65,Acropora,du26,du26,TRUE,Ningaloo <-> Ningaloo,SNP,High
du26YC,du26NR,0.001,n,Ningaloo,broadcast,Acropora tenuis,Duffy et al,2026,-22.292,113.808,Acropora,du26,Ningaloo,broadcast,Acropora tenuis,Duffy et al,2026,-23.023,113.781,Acropora,du26,du26,TRUE,Ningaloo <-> Ningaloo,SNP,High
du26YC,du26SCB,0,n,Ningaloo,broadcast,Acropora tenuis,Duffy et al,2026,-22.292,113.808,Acropora,du26,Ningaloo,broadcast,Acropora tenuis,Duffy et al,2026,-23.217,113.765,Acropora,du26,du26,TRUE,Ningaloo <-> Ningaloo,SNP,High
du26YC,du26gn,0.001,n,Ningaloo,broadcast,Acropora tenuis,Duffy et al,2026,-22.292,113.808,Acropora,du26,Ningaloo,broadcast,Acropora tenuis,Duffy et al,2026,-23.765,113.546,Acropora,du26,du26,TRUE,Ningaloo <-> Ningaloo,SNP,High
du26SY,du26PC,0,n,Ningaloo,broadcast,Acropora tenuis,Duffy et al,2026,-22.362,113.763,Acropora,du26,Ningaloo,broadcast,Acropora tenuis,Duffy et al,2026,-22.696,113.65,Acropora,du26,du26,TRUE,Ningaloo <-> Ningaloo,SNP,High
du26SY,du26NR,0.003,y,Ningaloo,broadcast,Acropora tenuis,Duffy et al,2026,-22.362,113.763,Acropora,du26,Ningaloo,broadcast,Acropora tenuis,Duffy et al,2026,-23.023,113.781,Acropora,du26,du26,TRUE,Ningaloo <-> Ningaloo,SNP,High
du26SY,du26SCB,0.003,y,Ningaloo,broadcast,Acropora tenuis,Duffy et al,2026,-22.362,113.763,Acropora,du26,Ningaloo,broadcast,Acropora tenuis,Duffy et al,2026,-23.217,113.765,Acropora,du26,du26,TRUE,Ningaloo <-> Ningaloo,SNP,High
du26SY,du26gn,0.006,y,Ningaloo,broadcast,Acropora tenuis,Duffy et al,2026,-22.362,113.763,Acropora,du26,Ningaloo,broadcast,Acropora tenuis,Duffy et al,2026,-23.765,113.546,Acropora,du26,du26,TRUE,Ningaloo <-> Ningaloo,SNP,High
du26PC,du26NR,0.001,n,Ningaloo,broadcast,Acropora tenuis,Duffy et al,2026,-22.696,113.65,Acropora,du26,Ningaloo,broadcast,Acropora tenuis,Duffy et al,2026,-23.023,113.781,Acropora,du26,du26,TRUE,Ningaloo <-> Ningaloo,SNP,High
du26PC,du26SCB,0,n,Ningaloo,broadcast,Acropora tenuis,Duffy et al,2026,-22.696,113.65,Acropora,du26,Ningaloo,broadcast,Acropora tenuis,Duffy et al,2026,-23.217,113.765,Acropora,du26,du26,TRUE,Ningaloo <-> Ningaloo,SNP,High
du26PC,du26gn,0.002,n,Ningaloo,broadcast,Acropora tenuis,Duffy et al,2026,-22.696,113.65,Acropora,du26,Ningaloo,broadcast,Acropora tenuis,Duffy et al,2026,-23.765,113.546,Acropora,du26,du26,TRUE,Ningaloo <-> Ningaloo,SNP,High
du26NR,du26SCB,0.002,n,Ningaloo,broadcast,Acropora tenuis,Duffy et al,2026,-23.023,113.781,Acropora,du26,Ningaloo,broadcast,Acropora tenuis,Duffy et al,2026,-23.217,113.765,Acropora,du26,du26,TRUE,Ningaloo <-> Ningaloo,SNP,High
du26NR,du26gn,0.002,y,Ningaloo,broadcast,Acropora tenuis,Duffy et al,2026,-23.023,113.781,Acropora,du26,Ningaloo,broadcast,Acropora tenuis,Duffy et al,2026,-23.765,113.546,Acropora,du26,du26,TRUE,Ningaloo <-> Ningaloo,SNP,High
du26SCB,du26gn,0.005,y,Ningaloo,broadcast,Acropora tenuis,Duffy et al,2026,-23.217,113.765,Acropora,du26,Ningaloo,broadcast,Acropora tenuis,Duffy et al,2026,-23.765,113.546,Acropora,du26,du26,TRUE,Ningaloo <-> Ningaloo,SNP,High
vo11sl63,vo11sl64,0.195,y,Scott Reef,brooding,Seriatopora hystrix,van Oppen et al,2011,NA,NA,Seriatopora,vo11,Scott Reef,brooding,Seriatopora hystrix,van Oppen et al,2011,NA,NA,Seriatopora,vo11,vo11,TRUE,Scott Reef <-> Scott Reef,Mixed,High
vo11sl63,vo11sl65,0.145,y,Scott Reef,brooding,Seriatopora hystrix,van Oppen et al,2011,NA,NA,Seriatopora,vo11,Scott Reef,brooding,Seriatopora hystrix,van Oppen et al,2011,NA,NA,Seriatopora,vo11,vo11,TRUE,Scott Reef <-> Scott Reef,Mixed,High
vo11sl63,vo11ss11,0.071,y,Scott Reef,brooding,Seriatopora hystrix,van Oppen et al,2011,NA,NA,Seriatopora,vo11,Scott Reef,brooding,Seriatopora hystrix,van Oppen et al,2011,NA,NA,Seriatopora,vo11,vo11,TRUE,Scott Reef <-> Scott Reef,Mixed,High
vo11sl63,vo11ss12,0.119,y,Scott Reef,brooding,Seriatopora hystrix,van Oppen et al,2011,NA,NA,Seriatopora,vo11,Scott Reef,brooding,Seriatopora hystrix,van Oppen et al,2011,NA,NA,Seriatopora,vo11,vo11,TRUE,Scott Reef <-> Scott Reef,Mixed,High
vo11sl63,vo11ss13,0.098,y,Scott Reef,brooding,Seriatopora hystrix,van Oppen et al,2011,NA,NA,Seriatopora,vo11,Scott Reef,brooding,Seriatopora hystrix,van Oppen et al,2011,NA,NA,Seriatopora,vo11,vo11,TRUE,Scott Reef <-> Scott Reef,Mixed,High
vo11sl63,vo11sl51,0.114,y,Scott Reef,brooding,Seriatopora hystrix,van Oppen et al,2011,NA,NA,Seriatopora,vo11,Scott Reef,brooding,Seriatopora hystrix,van Oppen et al,2011,NA,NA,Seriatopora,vo11,vo11,TRUE,Scott Reef <-> Scott Reef,Mixed,High
vo11sl63,vo11sl52,0.061,y,Scott Reef,brooding,Seriatopora hystrix,van Oppen et al,2011,NA,NA,Seriatopora,vo11,Scott Reef,brooding,Seriatopora hystrix,van Oppen et al,2011,NA,NA,Seriatopora,vo11,vo11,TRUE,Scott Reef <-> Scott Reef,Mixed,High
vo11sl63,vo11sl53,0.067,y,Scott Reef,brooding,Seriatopora hystrix,van Oppen et al,2011,NA,NA,Seriatopora,vo11,Scott Reef,brooding,Seriatopora hystrix,van Oppen et al,2011,NA,NA,Seriatopora,vo11,vo11,TRUE,Scott Reef <-> Scott Reef,Mixed,High
vo11sl64,vo11sl65,0.03,y,Scott Reef,brooding,Seriatopora hystrix,van Oppen et al,2011,NA,NA,Seriatopora,vo11,Scott Reef,brooding,Seriatopora hystrix,van Oppen et al,2011,NA,NA,Seriatopora,vo11,vo11,TRUE,Scott Reef <-> Scott Reef,Mixed,High
vo11sl64,vo11ss11,0.356,y,Scott Reef,brooding,Seriatopora hystrix,van Oppen et al,2011,NA,NA,Seriatopora,vo11,Scott Reef,brooding,Seriatopora hystrix,van Oppen et al,2011,NA,NA,Seriatopora,vo11,vo11,TRUE,Scott Reef <-> Scott Reef,Mixed,High
vo11sl64,vo11ss12,0.444,y,Scott Reef,brooding,Seriatopora hystrix,van Oppen et al,2011,NA,NA,Seriatopora,vo11,Scott Reef,brooding,Seriatopora hystrix,van Oppen et al,2011,NA,NA,Seriatopora,vo11,vo11,TRUE,Scott Reef <-> Scott Reef,Mixed,High
vo11sl64,vo11ss13,0.401,y,Scott Reef,brooding,Seriatopora hystrix,van Oppen et al,2011,NA,NA,Seriatopora,vo11,Scott Reef,brooding,Seriatopora hystrix,van Oppen et al,2011,NA,NA,Seriatopora,vo11,vo11,TRUE,Scott Reef <-> Scott Reef,Mixed,High
vo11sl64,vo11sl51,0.334,y,Scott Reef,brooding,Seriatopora hystrix,van Oppen et al,2011,NA,NA,Seriatopora,vo11,Scott Reef,brooding,Seriatopora hystrix,van Oppen et al,2011,NA,NA,Seriatopora,vo11,vo11,TRUE,Scott Reef <-> Scott Reef,Mixed,High
vo11sl64,vo11sl52,0.334,y,Scott Reef,brooding,Seriatopora hystrix,van Oppen et al,2011,NA,NA,Seriatopora,vo11,Scott Reef,brooding,Seriatopora hystrix,van Oppen et al,2011,NA,NA,Seriatopora,vo11,vo11,TRUE,Scott Reef <-> Scott Reef,Mixed,High
vo11sl64,vo11sl53,0.361,y,Scott Reef,brooding,Seriatopora hystrix,van Oppen et al,2011,NA,NA,Seriatopora,vo11,Scott Reef,brooding,Seriatopora hystrix,van Oppen et al,2011,NA,NA,Seriatopora,vo11,vo11,TRUE,Scott Reef <-> Scott Reef,Mixed,High
vo11sl65,vo11ss11,0.31,y,Scott Reef,brooding,Seriatopora hystrix,van Oppen et al,2011,NA,NA,Seriatopora,vo11,Scott Reef,brooding,Seriatopora hystrix,van Oppen et al,2011,NA,NA,Seriatopora,vo11,vo11,TRUE,Scott Reef <-> Scott Reef,Mixed,High
vo11sl65,vo11ss12,0.404,y,Scott Reef,brooding,Seriatopora hystrix,van Oppen et al,2011,NA,NA,Seriatopora,vo11,Scott Reef,brooding,Seriatopora hystrix,van Oppen et al,2011,NA,NA,Seriatopora,vo11,vo11,TRUE,Scott Reef <-> Scott Reef,Mixed,High
vo11sl65,vo11ss13,0.357,y,Scott Reef,brooding,Seriatopora hystrix,van Oppen et al,2011,NA,NA,Seriatopora,vo11,Scott Reef,brooding,Seriatopora hystrix,van Oppen et al,2011,NA,NA,Seriatopora,vo11,vo11,TRUE,Scott Reef <-> Scott Reef,Mixed,High
vo11sl65,vo11sl51,0.289,y,Scott Reef,brooding,Seriatopora hystrix,van Oppen et al,2011,NA,NA,Seriatopora,vo11,Scott Reef,brooding,Seriatopora hystrix,van Oppen et al,2011,NA,NA,Seriatopora,vo11,vo11,TRUE,Scott Reef <-> Scott Reef,Mixed,High
vo11sl65,vo11sl52,0.296,y,Scott Reef,brooding,Seriatopora hystrix,van Oppen et al,2011,NA,NA,Seriatopora,vo11,Scott Reef,brooding,Seriatopora hystrix,van Oppen et al,2011,NA,NA,Seriatopora,vo11,vo11,TRUE,Scott Reef <-> Scott Reef,Mixed,High
vo11sl65,vo11sl53,0.323,y,Scott Reef,brooding,Seriatopora hystrix,van Oppen et al,2011,NA,NA,Seriatopora,vo11,Scott Reef,brooding,Seriatopora hystrix,van Oppen et al,2011,NA,NA,Seriatopora,vo11,vo11,TRUE,Scott Reef <-> Scott Reef,Mixed,High
vo11ss11,vo11ss12,0.034,y,Scott Reef,brooding,Seriatopora hystrix,van Oppen et al,2011,NA,NA,Seriatopora,vo11,Scott Reef,brooding,Seriatopora hystrix,van Oppen et al,2011,NA,NA,Seriatopora,vo11,vo11,TRUE,Scott Reef <-> Scott Reef,Mixed,High
vo11ss11,vo11ss13,0.013,y,Scott Reef,brooding,Seriatopora hystrix,van Oppen et al,2011,NA,NA,Seriatopora,vo11,Scott Reef,brooding,Seriatopora hystrix,van Oppen et al,2011,NA,NA,Seriatopora,vo11,vo11,TRUE,Scott Reef <-> Scott Reef,Mixed,High
vo11ss11,vo11sl51,0.063,y,Scott Reef,brooding,Seriatopora hystrix,van Oppen et al,2011,NA,NA,Seriatopora,vo11,Scott Reef,brooding,Seriatopora hystrix,van Oppen et al,2011,NA,NA,Seriatopora,vo11,vo11,TRUE,Scott Reef <-> Scott Reef,Mixed,High
vo11ss11,vo11sl52,0.008,y,Scott Reef,brooding,Seriatopora hystrix,van Oppen et al,2011,NA,NA,Seriatopora,vo11,Scott Reef,brooding,Seriatopora hystrix,van Oppen et al,2011,NA,NA,Seriatopora,vo11,vo11,TRUE,Scott Reef <-> Scott Reef,Mixed,High
vo11ss11,vo11sl53,0.016,y,Scott Reef,brooding,Seriatopora hystrix,van Oppen et al,2011,NA,NA,Seriatopora,vo11,Scott Reef,brooding,Seriatopora hystrix,van Oppen et al,2011,NA,NA,Seriatopora,vo11,vo11,TRUE,Scott Reef <-> Scott Reef,Mixed,High
vo11ss12,vo11ss13,0.007,y,Scott Reef,brooding,Seriatopora hystrix,van Oppen et al,2011,NA,NA,Seriatopora,vo11,Scott Reef,brooding,Seriatopora hystrix,van Oppen et al,2011,NA,NA,Seriatopora,vo11,vo11,TRUE,Scott Reef <-> Scott Reef,Mixed,High
vo11ss12,vo11sl51,0.178,y,Scott Reef,brooding,Seriatopora hystrix,van Oppen et al,2011,NA,NA,Seriatopora,vo11,Scott Reef,brooding,Seriatopora hystrix,van Oppen et al,2011,NA,NA,Seriatopora,vo11,vo11,TRUE,Scott Reef <-> Scott Reef,Mixed,High
vo11ss12,vo11sl52,0.056,y,Scott Reef,brooding,Seriatopora hystrix,van Oppen et al,2011,NA,NA,Seriatopora,vo11,Scott Reef,brooding,Seriatopora hystrix,van Oppen et al,2011,NA,NA,Seriatopora,vo11,vo11,TRUE,Scott Reef <-> Scott Reef,Mixed,High
vo11ss12,vo11sl53,0.063,y,Scott Reef,brooding,Seriatopora hystrix,van Oppen et al,2011,NA,NA,Seriatopora,vo11,Scott Reef,brooding,Seriatopora hystrix,van Oppen et al,2011,NA,NA,Seriatopora,vo11,vo11,TRUE,Scott Reef <-> Scott Reef,Mixed,High
vo11ss13,vo11sl51,0.129,y,Scott Reef,brooding,Seriatopora hystrix,van Oppen et al,2011,NA,NA,Seriatopora,vo11,Scott Reef,brooding,Seriatopora hystrix,van Oppen et al,2011,NA,NA,Seriatopora,vo11,vo11,TRUE,Scott Reef <-> Scott Reef,Mixed,High
vo11ss13,vo11sl52,0.025,y,Scott Reef,brooding,Seriatopora hystrix,van Oppen et al,2011,NA,NA,Seriatopora,vo11,Scott Reef,brooding,Seriatopora hystrix,van Oppen et al,2011,NA,NA,Seriatopora,vo11,vo11,TRUE,Scott Reef <-> Scott Reef,Mixed,High
vo11ss13,vo11sl53,0.027,y,Scott Reef,brooding,Seriatopora hystrix,van Oppen et al,2011,NA,NA,Seriatopora,vo11,Scott Reef,brooding,Seriatopora hystrix,van Oppen et al,2011,NA,NA,Seriatopora,vo11,vo11,TRUE,Scott Reef <-> Scott Reef,Mixed,High
vo11sl51,vo11sl52,0.056,y,Scott Reef,brooding,Seriatopora hystrix,van Oppen et al,2011,NA,NA,Seriatopora,vo11,Scott Reef,brooding,Seriatopora hystrix,van Oppen et al,2011,NA,NA,Seriatopora,vo11,vo11,TRUE,Scott Reef <-> Scott Reef,Mixed,High
vo11sl51,vo11sl53,0.074,y,Scott Reef,brooding,Seriatopora hystrix,van Oppen et al,2011,NA,NA,Seriatopora,vo11,Scott Reef,brooding,Seriatopora hystrix,van Oppen et al,2011,NA,NA,Seriatopora,vo11,vo11,TRUE,Scott Reef <-> Scott Reef,Mixed,High
vo11sl52,vo11sl53,0,n,Scott Reef,brooding,Seriatopora hystrix,van Oppen et al,2011,NA,NA,Seriatopora,vo11,Scott Reef,brooding,Seriatopora hystrix,van Oppen et al,2011,NA,NA,Seriatopora,vo11,vo11,TRUE,Scott Reef <-> Scott Reef,Mixed,High
