region_pair,n_comparisons,n_studies,mean_fst,sd_fst,min_fst,max_fst,n_significant,studies_list,Region_A,Region_B,connectivity
Abrolhos <-> Ningaloo,1,1,0.36,NA,0.36,0.36,1,wh06,Abrolhos,Ningaloo,Low
Ashmore <-> Dampier Archipelago,2,2,0.34855,0.026233661582020888,0.33,0.3671,2,ro20; ros16,Ashmore,Dampier Archipelago,Low
Ashmore <-> Kimberley Nearshore,6,1,0.5003333333333333,0.3355989670226454,0.065,0.736,6,ad21,Ashmore,Kimberley Nearshore,Low
Ashmore <-> Ningaloo,5,3,0.13554,0.10963009623274077,0.052,0.2857,5,ad21; ro20; ros16,Ashmore,Ningaloo,Moderate
Ashmore <-> Pilbara Offshore,2,2,0.27535,0.035850313806157975,0.25,0.3007,2,ro20; ros16,Ashmore,Pilbara Offshore,Low
Ashmore <-> Rowley Shoals,5,3,0.12738,0.1505563748235192,0.019,0.3289,5,ad21; ro20; ros16,Ashmore,Rowley Shoals,Moderate
Ashmore <-> Scott Reef,2,2,0.1713,0.05840702012600883,0.13,0.2126,2,ro20; ros16,Ashmore,Scott Reef,Low
Ashmore <-> Timor Sea,4,1,0.1075,0.02872281323269014,0.09,0.15,4,ro20,Ashmore,Timor Sea,Moderate
Dampier Archipelago <-> Exmouth Gulf,9,2,0.027777777777777776,0.003073181485764296,0.022,0.032,9,ev19; ev21,Dampier Archipelago,Exmouth Gulf,High
Dampier Archipelago <-> Kimberley Nearshore,2,1,0.0475,7.071067811865482e-4,0.047,0.048,2,ev19,Dampier Archipelago,Kimberley Nearshore,High
Dampier Archipelago <-> NW nearshore,1,1,0.007,NA,0.007,0.007,1,ev21,Dampier Archipelago,NW nearshore,High
Dampier Archipelago <-> Ningaloo,50,4,0.057338,0.028840553152157968,0.01,0.1379,49,ev19; ro20; ros16; un09,Dampier Archipelago,Ningaloo,Moderate
Dampier Archipelago <-> Pilbara Offshore,11,4,0.026581818181818182,0.016332900427163462,0.011,0.0654,4,ev19; ev21; ro20; ros16,Dampier Archipelago,Pilbara Offshore,High
Dampier Archipelago <-> Pilbara nearshore,6,2,0.018,0.008438009243891596,0.009,0.03,3,ev19; ev21,Dampier Archipelago,Pilbara nearshore,High
Dampier Archipelago <-> Rowley Shoals,38,3,0.10185263157894738,0.031189800280480687,0.06,0.17,38,ro20; ros16; un09,Dampier Archipelago,Rowley Shoals,Moderate
Dampier Archipelago <-> Scott Reef,44,3,0.09546136363636364,0.029151458664761494,0.06,0.1803,44,ro20; ros16; un09,Dampier Archipelago,Scott Reef,Moderate
Dampier Archipelago <-> Shark Bay,5,2,0.0912,0.02104043725781382,0.054,0.105,5,ev19; ev21,Dampier Archipelago,Shark Bay,Moderate
Dampier Archipelago <-> Southwest coast,1,1,0.329,NA,0.329,0.329,1,ev21,Dampier Archipelago,Southwest coast,Low
Dampier Archipelago <-> Timor Sea,4,1,0.325,0.012909944487358068,0.31,0.34,4,ro20,Dampier Archipelago,Timor Sea,Low
Exmouth Gulf <-> Kimberley Nearshore,4,1,0.061,0.014491376746189439,0.04,0.073,4,ev19,Exmouth Gulf,Kimberley Nearshore,Moderate
Exmouth Gulf <-> NW nearshore,1,1,0.024,NA,0.024,0.024,1,ev21,Exmouth Gulf,NW nearshore,High
Exmouth Gulf <-> Ningaloo,32,2,0.01796875,0.015405244969835603,0.001,0.053,29,du26; ev19,Exmouth Gulf,Ningaloo,High
Exmouth Gulf <-> Pilbara Offshore,21,3,0.02361904761904762,0.011504243523483804,0,0.037,17,du26; ev19; ev21,Exmouth Gulf,Pilbara Offshore,High
Exmouth Gulf <-> Pilbara nearshore,10,2,0.0463,0.06861008996091204,0.004,0.24,7,ev19; ev21,Exmouth Gulf,Pilbara nearshore,High
Exmouth Gulf <-> Shark Bay,9,2,0.08811111111111111,0.026690093876026572,0.041,0.116,9,ev19; ev21,Exmouth Gulf,Shark Bay,Moderate
Exmouth Gulf <-> Southwest coast,1,1,0.322,NA,0.322,0.322,1,ev21,Exmouth Gulf,Southwest coast,Low
Kimberley Nearshore <-> Ningaloo,21,2,0.445047619047619,0.3250296103727284,0.035,0.751,21,ad21; ev19,Kimberley Nearshore,Ningaloo,Low
Kimberley Nearshore <-> Pilbara Offshore,4,1,0.053,0.0018257418583505554,0.051,0.055,4,ev19,Kimberley Nearshore,Pilbara Offshore,Moderate
Kimberley Nearshore <-> Pilbara nearshore,2,1,0.063,0.008485281374238573,0.057,0.069,2,ev19,Kimberley Nearshore,Pilbara nearshore,Moderate
Kimberley Nearshore <-> Rowley Shoals,18,1,0.5034444444444445,0.31339642668900664,0.07,0.742,18,ad21,Kimberley Nearshore,Rowley Shoals,Low
Kimberley Nearshore <-> Shark Bay,2,1,0.1505,0.006363961030678933,0.146,0.155,2,ev19,Kimberley Nearshore,Shark Bay,Low
NW nearshore <-> Pilbara Offshore,1,1,0.005,NA,0.005,0.005,1,ev21,NW nearshore,Pilbara Offshore,High
NW nearshore <-> Pilbara nearshore,2,1,0.0125,0.003535533905932737,0.01,0.015,2,ev21,NW nearshore,Pilbara nearshore,High
NW nearshore <-> Shark Bay,1,1,0.057,NA,0.057,0.057,1,ev21,NW nearshore,Shark Bay,Moderate
NW nearshore <-> Southwest coast,1,1,0.354,NA,0.354,0.354,1,ev21,NW nearshore,Southwest coast,Low
Ningaloo <-> Pilbara Offshore,34,4,0.018835294117647058,0.015755747048692696,0,0.0654,23,du26; ev19; ro20; ros16,Ningaloo,Pilbara Offshore,High
Ningaloo <-> Pilbara nearshore,6,1,0.034833333333333334,0.014729788412148583,0.022,0.054,5,ev19,Ningaloo,Pilbara nearshore,High
Ningaloo <-> Rowley Shoals,53,4,0.05838867924528302,0.014805893581966692,0.03,0.09,53,ad21; ro20; ros16; un09,Ningaloo,Rowley Shoals,Moderate
Ningaloo <-> Scott Reef,51,3,0.05237058823529412,0.018647362216867535,0.02,0.1,51,ro20; ros16; un09,Ningaloo,Scott Reef,Moderate
Ningaloo <-> Shark Bay,6,1,0.12066666666666667,0.013109792777411351,0.105,0.138,6,ev19,Ningaloo,Shark Bay,Moderate
Ningaloo <-> Timor Sea,4,1,0.2175,0.020615528128088298,0.19,0.24,4,ro20,Ningaloo,Timor Sea,Low
Pilbara Offshore <-> Rowley Shoals,2,2,0.0663,0.023051681066681453,0.05,0.0826,2,ro20; ros16,Pilbara Offshore,Rowley Shoals,Moderate
Pilbara Offshore <-> Scott Reef,2,2,0.07045,0.02892066735052979,0.05,0.0909,2,ro20; ros16,Pilbara Offshore,Scott Reef,Moderate
Pilbara Offshore <-> Shark Bay,9,2,0.10122222222222223,0.01634608345887309,0.061,0.117,9,ev19; ev21,Pilbara Offshore,Shark Bay,Moderate
Pilbara Offshore <-> Southwest coast,1,1,0.389,NA,0.389,0.389,1,ev21,Pilbara Offshore,Southwest coast,Low
Pilbara Offshore <-> Timor Sea,4,1,0.2325,0.023629078131263036,0.2,0.25,4,ro20,Pilbara Offshore,Timor Sea,Low
Pilbara nearshore <-> Pilbara Offshore,10,2,0.0189,0.005665686189686118,0.009,0.031,2,ev19; ev21,Pilbara nearshore,Pilbara Offshore,High
Pilbara nearshore <-> Shark Bay,6,2,0.08433333333333333,0.030493715199474577,0.038,0.109,6,ev19; ev21,Pilbara nearshore,Shark Bay,Moderate
Pilbara nearshore <-> Southwest coast,2,1,0.328,0.008485281374238578,0.322,0.334,2,ev21,Pilbara nearshore,Southwest coast,Low
Rowley Shoals <-> Scott Reef,44,3,0.033986363636363634,0.01985643344762705,0,0.09,44,ro20; ros16; un09,Rowley Shoals,Scott Reef,High
Rowley Shoals <-> Timor Sea,4,1,0.2175,0.017078251276599322,0.2,0.24,4,ro20,Rowley Shoals,Timor Sea,Low
Scott Reef <-> Timor Sea,4,1,0.14,0.021602468994692873,0.12,0.17,4,ro20,Scott Reef,Timor Sea,Moderate
Shark Bay <-> Southwest coast,1,1,0.37,NA,0.37,0.37,1,ev21,Shark Bay,Southwest coast,Low
